Value,Value Counts
 (D),2669
1,490
2,381
3,296
5,205
4,200
6,164
8,127
7,122
11,116
9,105
10,104
12,88
13,80
14,77
15,67
16,64
17,52
 (Z),51
19,51
21,50
22,45
20,43
23,43
24,41
38,41
33,41
43,40
18,40
28,40
25,39
36,39
32,38
29,37
34,37
26,36
48,35
27,33
30,32
"1,000",31
"3,000",31
39,30
45,30
35,29
"2,000",28
46,28
50,28
47,26
37,26
31,26
40,25
53,25
42,24
41,24
60,23
44,22
97,21
"4,800",19
"80,000",19
65,19
57,18
"2,600",18
61,18
"5,000",18
52,18
56,17
"400,000",17
"35,000",17
62,17
54,15
"5,200",15
58,15
55,15
"4,000",14
120,14
"50,000",14
"2,700",14
110,14
67,14
100,14
"1,700",13
94,13
59,13
96,13
"100,000",13
"6,600",12
51,12
"1,400",12
"90,000",12
76,12
"5,100",12
"26,000",12
"2,500",12
"8,000",12
"1,350,000",12
88,12
75,11
"1,050,000",11
68,11
"10,000",11
91,11
"5,300",11
"6,000",11
69,11
90,11
"4,500",11
"900,000",11
63,10
78,10
1.6,10
"196,000",10
"520,000",10
105,10
87,10
49,10
"2,200",10
"4,700",10
"380,000",10
"150,000",10
95,10
73,10
72,10
"2,200,000",10
1.2,10
"30,000",10
92,10
"60,000",10
2.8,10
"3,600",10
"65,000",9
"190,000",9
"1,500,000",9
"390,000",9
"6,800",9
129,9
66,9
85,9
108,9
83,9
"15,000",9
"4,600",9
"110,000",9
"450,000",9
77,9
74,9
80,9
"2,400",9
275,9
1.35,9
"1,100",9
"500,000",9
"22,000",9
"5,000,000",9
"45,000",9
84,9
"70,000",8
800,8
"32,000",8
2.7,8
"14,000",8
"4,400",8
"2,100",8
121,8
111,8
"210,000",8
1.9,8
"550,000",8
"4,200",8
240,8
"2,900",8
"9,000",8
"6,200",8
203,8
"2,300",8
1.7,8
"40,000",8
"173,000",8
82,8
"29,000",8
135,7
"1,850,000",7
102,7
"2,100,000",7
431,7
"1,600,000",7
89,7
225,7
"77,000",7
340,7
125,7
"2,500,000",7
"20,000",7
231,7
"18,000",7
310,7
71,7
107,7
"1,650,000",7
"330,000",7
 (NA),7
"1,120,000",7
103,7
"25,000",7
"7,300",7
"120,000",7
"220,000",7
"1,500",7
137,7
1.5,7
204,7
123,7
93,7
"3,000,000",7
"1,800",7
210,7
115,7
"5,400",7
70,6
"3,200,000",6
"67,000",6
600,6
"66,000",6
175,6
"245,000",6
114,6
"2,700,000",6
"235,000",6
"2,600,000",6
11.5,6
"242,000",6
700,6
116,6
"2,900,000",6
165,6
"2,650,000",6
"3,800",6
10.5,6
"3,100",6
131,6
294,6
"540,000",6
"81,000",6
136,6
113,6
"182,000",6
"1,250,000",6
64,6
"600,000",6
"177,000",6
117,6
"7,200",6
"760,000",6
"530,000",6
"700,000",6
295,6
"1,430,000",6
"240,000",6
220,6
"1,200,000",6
435,6
"200,000",6
81,6
"980,000",5
245,5
"3,200",5
"6,700",5
"55,000",5
"68,000",5
"306,000",5
"6,900",5
"840,000",5
500,5
2.65,5
"270,000",5
"214,000",5
"93,000",5
190,5
157,5
"204,000",5
"1,280,000",5
"6,300",5
"170,000",5
1.8,5
"950,000",5
134,5
109,5
241,5
"199,000",5
"130,000",5
"1,600",5
"160,000",5
296,5
"1,000,000",5
160,5
2.9,5
184,5
402,5
"715,000",5
"6,500",5
"5,450,000",5
300,5
27.5,5
"350,000",5
"4,250,000",5
"480,000",5
"10,600",5
495,5
544,5
181,5
"3,500",5
143,5
796,5
"470,000",5
338,5
176,5
"162,000",5
"4,900",5
"6,100",5
"62,000",5
153,5
168,5
"343,000",5
"2,800,000",5
"3,600,000",5
101,5
"230,000",5
146,5
2.75,5
118,5
98,5
"800,000",5
630,4
186,4
1.75,4
139,4
"2,015",4
"16,300",4
"7,700",4
"570,000",4
"216,000",4
"5,700,000",4
215,4
"352,000",4
"28,000",4
"1,350",4
"2,070,000",4
217,4
564,4
"71,000",4
"2,800",4
265,4
"175,000",4
429,4
950,4
"36,000",4
"313,000",4
"95,000",4
199,4
208,4
"248,000",4
684,4
"1,900",4
947,4
9.5,4
112,4
"8,425",4
"650,000",4
132,4
"75,000",4
"2,180",4
173,4
"72,000",4
268,4
"157,000",4
"241,000",4
"830,000",4
"260,000",4
1.95,4
"132,000",4
505,4
"180,000",4
1.4,4
"108,000",4
127,4
"5,300,000",4
"4,300",4
653,4
"310,000",4
"76,000",4
"2,230",4
"1,400,000",4
"145,000",4
"24,000",4
441,4
"63,000",4
"112,000",4
400,4
159,4
"4,100",4
"2,395",4
"303,000",4
214,4
"223,000",4
99,4
"1,520,000",4
445,4
326,4
"6,400",4
106,4
194,4
39.4,4
"850,000",4
"99,000",4
"1,450,000",4
"152,000",4
"7,100",4
"215,000",4
"2,130",4
"930,000",4
133,4
"111,000",4
"164,000",4
408,4
0.1,4
"18,073",4
126,4
119,4
"136,000",4
970,4
"2,280",4
"1,374,000",4
"17,000",4
"7,200,000",4
79,4
"47,000",4
"1,643,000",4
238,4
904,4
"3,700",4
790,4
"5,850,000",4
138,4
1.3,4
"4,900,000",4
"3,450,000",4
"184,000",4
524,4
"345,000",4
"370,000",4
"960,000",4
164,4
"410,000",4
"48,000",4
"5,844,000",4
"115,000",4
29.3,4
434,4
"1,714",4
"31,000",4
1.1,4
486,4
"405,000",4
"23,000",4
"2,470",4
316,4
"105,000",4
"335,000",4
149,4
318,4
205,4
31.5,4
366,4
"3,300",4
"2,850,000",4
"73,000",4
"777,000",3
792,3
162,3
"324,000",3
177,3
"4,950,000",3
"280,000",3
28.5,3
1.91,3
"3,900",3
163,3
393,3
"1,140,000",3
"250,000",3
588,3
"6,825,000",3
"78,000",3
148,3
744,3
437,3
"4,050,000",3
"5,130",3
"168,000",3
1.77,3
172,3
154,3
367,3
292,3
230,3
256,3
"1,633",3
"5,600",3
533,3
"4,315,000",3
"4,200,000",3
30.5,3
156,3
"5,550",3
481,3
"1,963",3
"5,400,000",3
"1,337,000",3
382,3
2.85,3
"3,684",3
"1,080,000",3
"1,985",3
"298,000",3
"13,000",3
"305,000",3
440,3
873,3
"440,000",3
"52,000",3
"1,150,000",3
"238,000",3
"1,256",3
"5,100,000",3
312,3
835,3
124,3
"1,145,000",3
179,3
"870,000",3
"932,000",3
"3,270,000",3
"2,020",3
"880,000",3
"6,201,000",3
"4,350,000",3
33.6,3
"209,000",3
"1,260,000",3
"858,000",3
"1,210",3
"1,206,000",3
191,3
"615,000",3
2.5,3
239,3
200,3
"3,550",3
2.95,3
"2,215",3
582,3
"338,000",3
953,3
"84,000",3
"1,450",3
192,3
"3,713,000",3
"5,472,000",3
1.65,3
"2,156",3
"5,200,000",3
"4,500,000",3
"3,122,000",3
32.8,3
2.2,3
305,3
"375,000",3
"252,000",3
"2,374",3
"6,180",3
"15,171",3
29.8,3
"5,800",3
341,3
1.55,3
561,3
"320,000",3
8.5,3
251,3
913,3
"7,000",3
"4,300,000",3
353,3
"590,000",3
"5,940,000",3
"1,290",3
668,3
"1,709",3
"167,716",3
"439,000",3
"207,000",3
"151,000",3
"96,000",3
"33,000",3
328,3
"2,750,000",3
"401,000",3
"1,310",3
244,3
"85,000",3
"720,000",3
750,3
189,3
"420,000",3
26.3,3
"179,300",3
"910,000",3
317,3
35.8,3
"1,210,000",3
968,3
235,3
"312,000",3
"268,000",3
"396,000",3
"186,000",3
"1,605",3
"385,000",3
"117,000",3
"660,000",3
"5,150,000",3
906,3
150,3
"1,250",3
"1,980,000",3
86,3
335,3
"3,880,000",3
845,3
"38,049",3
364,3
33.3,3
"42,000",3
"39,600,000",3
"7,600",3
"178,000",3
"2,650",3
219,3
"3,900,000",3
351,3
"4,830,000",3
"2,150,000",3
810,3
"140,000",3
"224,000",3
"2,150",3
"79,000",3
596,3
"3,400,000",3
1.87,3
"377,000",3
250,3
290,3
140,3
"4,422,000",3
"2,000,000",3
330,3
1.68,3
"3,420,000",3
"4,160,000",3
151,3
"124,000",3
128,3
355,3
"286,000",3
233,3
"740,000",3
247,3
"3,100,000",3
"2,400,000",3
"4,600,000",3
"1,970,000",3
"208,000",3
"212,000",3
725,3
"2,250,000",3
457,3
"193,000",3
"3,488,000",3
"5,700",3
2.1,3
"3,650,000",3
927,3
"438,000",3
"408,000",3
607,3
"5,503,000",3
13.5,3
"368,000",3
"13,300",3
178,3
"44,160,000",3
1.86,3
709,3
"154,000",3
405,3
"41,000",3
"3,335,000",3
"920,000",3
"2,142,000",3
"4,080,000",3
418,3
"2,050,000",3
"183,000",3
421,3
"2,300,000",3
"169,000",3
"171,000",3
"3,775",3
293,3
2.3,3
"219,000",3
278,3
"415,000",3
"957,000",2
"6,794,000",2
546,2
"560,000",2
"11,191",2
"4,810",2
"204,440,000",2
"671,180",2
"3,704",2
"4,910,000",2
"1,803",2
"129,000",2
349,2
"864,000",2
"28,620,000",2
"2,468",2
"10,852,000",2
"1,259,000",2
469,2
1.15,2
"1,387,000",2
"76,000,000",2
"1,980",2
"1,625",2
"218,000",2
"898,600",2
"36,293,751",2
"1,924",2
"2,735,000",2
"6,234",2
"3,564,000",2
"3,871,000",2
"6,850",2
"144,165,000",2
"10,028,000",2
29.9,2
"3,430",2
"37,990,000",2
"2,290",2
468,2
436,2
"8,875,125",2
674,2
"2,580",2
"6,983",2
498,2
559,2
"5,932,000",2
737,2
"1,220,000",2
246,2
"3,788,000",2
"5,740",2
"4,815",2
"2,385",2
"115,500,000",2
"6,076,000",2
253,2
"2,920",2
21.8,2
"43,378,000",2
"140,183,000",2
"453,000",2
"8,508,000",2
"276,000",2
"318,000",2
631,2
"6,013,000",2
"641,429",2
"1,780,000",2
"70,229",2
"3,540,000",2
"1,200",2
"195,633,000",2
753,2
"34,942",2
"4,888,000",2
221,2
285,2
"462,000",2
"32,615,000",2
"2,394,000",2
"170,000,000",2
"64,957",2
"7,803",2
"47,970,000",2
"1,691",2
"456,000",2
715,2
"135,000",2
661,2
"50,160,000",2
"1,501,000",2
"3,668",2
"9,283,000",2
"1,165",2
"2,394",2
"8,800",2
"13,079",2
"156,000",2
496,2
"2,190",2
1.81,2
"18,810,000",2
"1,566,925",2
"41,140,000",2
"1,230,000",2
"143,770,000",2
502,2
"1,710,000",2
1.92,2
"2,330,000",2
"234,802,000",2
"1,131,000",2
"580,000",2
"376,000",2
471,2
"1,969",2
"1,618",2
"213,000",2
"331,109",2
"2,801,000",2
"2,940,000",2
"3,474",2
"60,006",2
"5,928,000",2
"1,761",2
"6,095,000",2
"4,340",2
"223,441",2
"12,317,000",2
"37,840,000",2
"6,129,000",2
"11,027,135",2
"17,380",2
"8,709,000",2
"101,323,000",2
"26,352,000",2
"1,523",2
270,2
"25,156",2
"107,629",2
834,2
"115,991",2
"83,000",2
"1,512",2
"695,000",2
271,2
"359,000",2
"856,000",2
"198,000",2
"32,200",2
"522,000",2
"3,760,000",2
"258,000",2
"57,500,000",2
3.3,2
"4,803",2
314,2
"1,990,000",2
"6,461",2
"2,456,340",2
"5,530,000",2
"1,133",2
948,2
"205,416,000",2
"1,463",2
"4,990,508",2
"267,520,000",2
"1,108",2
"2,275",2
"6,178,000",2
403,2
2.08,2
"2,550,000",2
"549,000",2
"1,265",2
"813,773",2
"4,652,000",2
"2,025",2
520,2
"5,880,000",2
"16,990",2
"92,736,000",2
"238,812",2
774,2
"21,050",2
"29,450,000",2
"1,953,000",2
"1,190,000",2
"21,129,000",2
"16,379",2
"389,000",2
"35,551,000",2
"432,000",2
"4,512",2
254,2
910,2
169,2
"2,196",2
"7,012",2
"2,075",2
"1,981",2
406,2
"514,000",2
"5,440,000",2
967,2
"1,940",2
484,2
833,2
"1,955",2
385,2
"1,485",2
"285,000",2
"640,000",2
"165,826",2
"4,070,000",2
"1,960",2
"2,828,000",2
"148,629,000",2
"9,139,000",2
"435,000",2
"20,321",2
"398,000",2
"369,000",2
187,2
"8,015,000",2
"16,000",2
"51,633",2
"2,430,000",2
"4,712,000",2
"8,526,000",2
"28,215,000",2
"1,342,679",2
"541,000",2
34.4,2
"7,150,000",2
"153,000",2
"269,000",2
"53,070,000",2
"5,936,000",2
"1,321,000",2
"59,144,000",2
0.8,2
"40,260,000",2
"186,314,000",2
"1,508,000",2
"6,050",2
"113,545",2
282,2
"610,000",2
"183,565",2
255,2
"122,411",2
24.4,2
"2,347,138",2
"56,000",2
"195,000",2
"3,160,000",2
626,2
"1,467",2
"31,000,000",2
"1,663,000",2
"9,880,000",2
"19,166",2
"1,764,000",2
185,2
371,2
361,2
"1,922,000",2
"340,000",2
"4,314,000",2
"6,151,000",2
1.79,2
"6,949,000",2
438,2
"37,648,000",2
"157,248,000",2
919,2
"378,000",2
"8,424,000",2
331,2
"7,661",2
"41,040,000",2
"770,000",2
25.5,2
"198,446",2
"56,304,000",2
"256,000",2
"4,219",2
"4,635,000",2
"3,929,000",2
"472,000",2
212,2
"4,594,000",2
"68,782",2
44.1,2
504,2
"6,710",2
"4,430,000",2
"2,187",2
"1,296,000",2
"1,436",2
"1,607",2
"165,000",2
"1,904,000",2
975,2
"544,000",2
"4,450",2
"9,710,000",2
"385,770,000",2
195,2
"725,000",2
281,2
"200,850,000",2
"2,262",2
"3,850,000",2
"3,400",2
"9,889",2
"51,587,000",2
"1,194,000",2
"122,463",2
"175,797",2
"3,704,000",2
315,2
"124,376,000",2
"99,317,000",2
"34,751,000",2
"77,850",2
"97,000",2
"89,010,000",2
"83,541,000",2
"74,800,000",2
49.3,2
23.1,2
"723,043",2
"12,000",2
539,2
"6,620",2
"336,458,000",2
"102,000",2
"89,547",2
958,2
"4,341",2
"1,743",2
27.2,2
"197,000",2
2.4,2
"327,000",2
"13,331,000",2
"3,990,000",2
459,2
"5,351",2
"2,920,000",2
"5,323,348",2
"2,010",2
"24,002,000",2
"1,460",2
"10,231,000",2
"5,330",2
"11,825,000",2
"775,000",2
"1,779",2
"2,170",2
"14,685",2
"33,605,000",2
"3,500,000",2
"3,847",2
"18,946",2
"115,859",2
"1,235,000",2
"126,385",2
47.8,2
"455,000",2
"159,705",2
501,2
"1,173",2
"225,285",2
"178,517,000",2
"7,035,000",2
"10,770",2
"9,600",2
480,2
"1,517,000",2
"7,629,000",2
641,2
"41,907,000",2
"3,637,318",2
22.5,2
"41,240",2
"1,442",2
"274,000",2
"47,282,000",2
885,2
"98,420,000",2
"3,158,151",2
"5,022,000",2
"12,936",2
"675,000",2
"9,877,000",2
"417,050",2
"506,937",2
"423,000",2
"2,105",2
42.6,2
"254,291",2
455,2
"11,973",2
"4,700,000",2
"347,000",2
"24,350",2
551,2
"4,401",2
"940,000",2
"144,509",2
"694,000",2
"1,996",2
44.4,2
"9,569",2
"25,800",2
180,2
"325,000",2
"2,950,000",2
"5,500,000",2
"2,069,000",2
"262,028,000",2
"189,000",2
554,2
21.5,2
"630,000",2
"357,000",2
"5,040,000",2
"168,444",2
"4,995,000",2
695,2
320,2
"10,229,440",2
840,2
"7,178",2
381,2
"35,683",2
"384,000",2
17.9,2
"219,164,000",2
"51,200,000",2
"2,284,062",2
276,2
"1,680,000",2
511,2
"18,596",2
"2,090",2
3.7,2
"513,000",2
"1,753",2
433,2
"92,000",2
"1,003",2
"8,611,000",2
"8,856,000",2
"2,709,236",2
"4,602",2
"11,486,000",2
"60,963",2
"132,825,000",2
"268,120,000",2
"40,715",2
"924,000",2
"5,531",2
"4,838",2
"54,000",2
"29,498",2
"46,917",2
"119,000",2
"8,200",2
26.2,2
"7,847",2
680,2
"137,000",2
"3,141",2
733,2
"5,634,000",2
"3,783",2
"1,623",2
"2,864,000",2
"11,969",2
313,2
155,2
260,2
"4,557,000",2
"3,213",2
"741,000",2
"5,486,000",2
37.1,2
"113,844",2
"911,750",2
"53,200,000",2
"1,510",2
972,2
"412,000",2
"191,000",2
"594,000",2
"74,000",2
"153,490,000",2
"193,221",2
"3,323,000",2
"52,510,000",2
"45,485",2
"11,285,000",2
"2,940",2
"377,960",2
"31,511",2
"588,000",2
"6,192",2
601,2
"58,320,000",2
"1,422,000",2
"59,630",2
1.25,2
"9,452",2
"22,926",2
"510,000",2
"1,940,000",2
"17,720",2
"4,760,000",2
454,2
448,2
"104,544,000",2
"3,479",2
"6,934,000",2
"764,000",2
"113,760,000",2
"202,000",2
"72,150,000",2
"10,662,000",2
"1,340",2
"34,534",2
"18,395",2
"47,775",2
"3,080,000",2
"341,000",2
167,2
"101,000",2
"59,316",2
"1,345",2
"314,000",2
"64,800,000",2
"75,480,000",2
"205,812",2
"3,536,000",2
"48,856",2
"388,000",2
"2,250",2
"104,907",2
"16,472",2
29.5,2
"1,186,000",2
"1,335",2
"975,000",2
"10,310",2
291,2
"328,000",2
"1,604,000",2
"5,837,000",2
647,2
"84,050,000",2
"985,000",2
"40,092",2
"37,472",2
"2,690,000",2
"6,256,000",2
"464,000",2
"95,877,000",2
"161,553",2
"70,400,000",2
"490,000",2
"8,284",2
"1,689",2
"17,500",2
"122,000",2
360,2
2.6,2
"173,722",2
"12,628",2
"1,840,000",2
"8,500",2
"429,000",2
"50,006",2
279,2
"5,350,000",2
"68,540",2
"124,992",2
"392,000",2
"8,379,000",2
229,2
"976,000",2
"65,345",2
"46,000",2
594,2
"50,467",2
"6,484,000",2
"395,000",2
"5,981,000",2
35.9,2
"65,249,000",2
249,2
"3,300,000",2
"9,446",2
407,2
2.02,2
"1,060",2
"8,822,000",2
"690,000",2
856,2
24.6,2
528,2
"53,955",2
648,2
"1,085",2
"57,317",2
"255,000",2
"14,667,000",2
41.2,2
"2,941,000",2
"40,070",2
"30,969",2
"210,132,000",2
"48,360,000",2
"300,000",2
"4,273",2
"124,258",2
"2,968,000",2
"1,734,000",2
"2,973,000",2
"24,823",2
196,2
"552,000",2
"91,534",2
"10,950",2
"64,000",2
227,2
1.42,2
"49,140,000",2
"2,350,000",2
791,2
"5,263,000",2
"6,356,000",2
"855,000",2
"61,766,000",2
188,2
"49,920,000",2
"5,475",2
943,2
"8,475",2
"1,065",2
"1,484,000",2
"14,227",2
"297,000",2
"430,000",2
216,2
"5,259",2
166,2
"2,640,000",2
734,2
"3,642,000",2
303,2
776,2
"2,880,000",2
862,2
494,2
"2,070",2
"1,630,000",2
"180,209,000",2
"20,507,000",2
690,2
"1,326,000",2
"8,454,000",2
"52,177,000",2
"136,592,000",2
2.01,2
35.3,2
"6,845,000",2
"334,000",2
"7,800",2
"59,000",2
"5,203,000",2
"160,685",2
"379,000",2
"515,000",2
"163,000",2
"114,000",2
"95,340",2
"323,454,000",2
"963,000",2
"3,287",2
"48,000,000",2
"7,911,864",2
"19,000",2
"4,389,000",2
"13,243",2
"27,000",2
269,2
"13,268,000",2
618,2
"28,560,000",2
12.5,2
"10,819,000",2
"10,888,000",2
"1,530",2
"502,000",2
"1,378",2
"1,814",2
"3,728,000",2
"1,054",2
"1,531",2
"1,950",2
"201,000",2
"64,755,000",2
652,2
"73,756,000",2
"249,000",2
"6,130",2
"3,785,000",2
"7,500",2
"11,570,000",2
"4,719,000",2
"3,021,000",2
938,2
"2,157",2
"2,270",2
"1,170,000",2
659,2
"15,832",2
377,2
"6,665",2
"2,420",2
"72,192,000",2
"1,829,000",2
"5,434,000",2
182,2
"5,269,000",2
"8,600,000",2
"57,120,000",2
"355,229",2
"3,375,000",2
"496,000",2
"3,897",2
"7,446",2
"565,000",2
"3,332",2
"52,830",2
"43,710,000",2
"2,290,000",2
"5,468,000",2
170,2
"5,571,000",2
1.45,2
"4,758,000",2
"2,405",2
"1,722",2
"3,395,000",2
"6,603,000",2
"395,880",2
"1,678,000",2
"646,174",2
"4,993",2
"9,529,000",2
"2,345",2
"184,205,000",2
"1,306",2
"6,028",2
"24,427",2
462,2
"3,550,000",2
"51,000",2
"25,500,000",2
"8,046,834",2
"3,728",2
"468,797",2
548,2
449,2
"48,451,000",2
"1,550,000",2
304,2
"3,777,000",2
"53,536",2
"1,717",2
"47,124,000",2
232,2
"1,222",2
"187,000",2
"45,158,000",2
"4,512,766",2
"35,420,000",2
28.2,2
687,2
"3,122",2
"70,300,000",2
"272,000",2
"34,888,755",2
"2,331,000",2
"67,897",2
"1,535",2
"13,833",2
"2,218,000",2
"1,300,000",2
"925,000",2
"15,459",2
747,2
"1,853,000",2
"176,000",2
"344,000",2
297,2
"2,207",2
1.85,2
40.5,2
"44,580,000",2
7.5,2
"11,288",2
"1,601",2
"12,672,000",2
3.8,2
"1,310,000",2
"15,047",2
"97,841",2
"332,000",2
"5,256,000",2
"5,751,000",2
"116,000",2
"112,632,000",2
"129,750",2
"57,642",2
"6,006,000",2
"3,097",2
"1,547,000",2
"1,485,000",2
"1,247",2
"811,586",2
"1,965",2
392,2
"19,033",2
"18,538",2
"2,488,168",2
"2,120,000",2
"123,236",2
"2,240",2
"1,699",2
"1,670",2
"1,697",2
"292,000",2
"383,000",2
308,2
"6,021,000",2
299,2
"2,870,546",2
28.6,2
"4,057,000",2
"161,000",2
931,2
"148,495",2
"69,115,000",2
614,2
"234,947",2
"881,227",2
565,2
"129,778",2
"369,275",2
"10,475,000",2
451,2
"56,941",2
36.1,2
"354,000",2
"5,250,000",2
"1,825,000",2
"1,820,000",2
550,2
"2,480,000",2
39.6,2
409,2
"6,417,000",2
"591,000",2
"50,400,000",2
"151,296",2
"20,500",2
"5,748,000",2
"7,950,000",2
"188,000",2
37.5,2
"7,894",2
901,2
"126,354",2
"3,528,000",2
"255,097",2
"73,273,000",2
"2,999",2
"48,750,000",2
"37,016",2
610,2
"10,956,000",2
"10,327,000",2
"380,387",2
"2,120",2
"798,000",2
"163,986,000",2
"52,983",2
193,2
"142,044,000",2
"33,440,000",2
"2,228,000",2
"1,106",2
"3,960,000",2
"78,581,000",2
"1,800,000",2
158,2
"665,000",2
"49,400,000",2
720,2
"205,000",2
"9,776,000",2
410,2
"1,776",2
"12,046,000",2
"1,075,000",2
"3,298,000",2
"144,491",2
"36,075,000",2
"3,772,000",2
"2,554",2
"7,335,000",2
"3,145,000",2
"91,000",2
174,2
"86,950,000",2
"816,034",2
"89,613,000",2
"83,966,000",2
"1,736",2
"7,401",2
"261,000",2
"2,330",2
"11,548,000",2
"156,686,000",2
"78,716",2
"4,072",2
"608,280",2
"75,950,000",2
"172,973,000",2
1.94,2
"1,323,000",2
"3,360,000",2
"6,467,000",2
"60,720,000",2
"9,828,000",2
147,2
"11,011,000",2
"21,549",2
"31,209",2
"4,827,768",2
"316,000",2
"754,113",2
"256,365",2
"1,892,000",2
"2,740,000",2
"305,592,000",2
394,2
"2,440",2
"1,882,000",2
"7,640",2
"9,313,000",2
"5,532,000",2
"4,655",2
"9,954",2
"1,592",2
"1,292",2
3.1,2
"14,723,000",2
"698,000",2
"1,815",2
"2,540,000",2
"1,090,000",2
"11,619",2
820,2
"34,000",2
"5,762",2
"17,151",2
"1,111",2
795,2
"65,143",2
401,2
"22,060",2
2.07,2
"107,000",1
"69,197",1
"3,242,548",1
"94,776",1
"167,000",1
"56,092,000",1
"3,181,138",1
"737,288",1
"12,311",1
1.48,1
"143,000",1
"5,109",1
"17,886",1
"1,020,000",1
398,1
"23,125,000",1
81.8,1
"46,983",1
"145,510",1
"126,996",1
"227,448",1
"8,583,000",1
"383,206",1
"17,433",1
"5,110,000",1
"184,137",1
"941,800,000",1
"13,074",1
"7,145",1
"12,300",1
"2,435",1
"13,029",1
452,1
"636,500",1
"26,830,000",1
"9,682,490",1
"642,800",1
"2,283",1
"4,640,000",1
"7,528",1
"8,101",1
"30,767",1
"3,970",1
"646,227",1
"3,190,000",1
"11,291,000",1
"755,568,000",1
"17,378,000",1
"11,539,000",1
"402,971",1
"13,360,000",1
"2,502",1
"1,184,000",1
"862,379",1
"1,810",1
489,1
"19,048",1
"22,017,509",1
"19,568",1
"2,319,389",1
"30,200,000",1
"201,600,000",1
"350,718",1
"1,349,191",1
"18,620",1
"13,121,000",1
"4,409",1
"13,753,000",1
"5,404",1
"1,139",1
"292,978,000",1
"8,847",1
"9,809",1
"555,095",1
"104,903",1
"22,230,000",1
"63,050",1
"3,327,317",1
"6,044,000",1
"4,098",1
"2,680,048",1
"24,050",1
605,1
261,1
"3,636",1
"45,233",1
"30,800,000",1
"80,325,000",1
"15,138",1
"17,539",1
"2,204",1
"8,122,000",1
370,1
"45,404",1
"4,680,000",1
"26,810",1
"1,640",1
823,1
"23,936",1
"1,487,768",1
"320,548",1
"10,709,615",1
427,1
"6,574,000",1
"448,629",1
"115,668,000",1
5.3,1
"5,483,556",1
"1,781",1
"3,590,000",1
"3,372",1
"7,361",1
"697,000",1
"658,000",1
"1,009,255",1
"14,815,000",1
322,1
"92,483",1
16.9,1
"3,458,000",1
"100,230,000",1
"8,299",1
"8,167",1
"149,172",1
"17,286,000",1
"175,125,000",1
"1,475",1
"6,350,000",1
"521,516",1
"8,338,894",1
"24,046",1
"5,050,000",1
"49,809",1
"1,884",1
"164,389",1
"1,987,582",1
"52,914,242",1
"3,256,195",1
"394,153",1
"4,434",1
"2,149",1
"43,331,000",1
"1,935",1
298,1
"2,886,000",1
"48,079",1
"9,443",1
"349,676",1
277,1
"63,446,357",1
"276,032",1
"98,592",1
"3,191,891,000",1
"23,430",1
"26,560,000",1
"7,681,000",1
"2,813,000",1
80.1,1
"53,052",1
"19,277",1
"381,600,000",1
"5,561",1
"8,988",1
"1,330,000",1
"91,375,000",1
"1,683,000",1
"173,850,000",1
"23,448",1
"40,070,000",1
"14,855",1
3.56,1
"33,119",1
"834,952",1
"14,452",1
"2,046,510,000",1
60.8,1
"4,151",1
"466,000",1
"12,657",1
"15,663",1
"499,000",1
"48,390",1
"6,070",1
"104,578",1
"317,981,000",1
"246,315",1
"71,739,356",1
71.5,1
"191,140,000",1
660,1
"42,395",1
"42,349",1
"4,628",1
"2,963,208,000",1
"4,139",1
"2,090,000",1
"3,465,000",1
"19,553",1
"12,776",1
"35,184",1
"118,945,000",1
"5,948,154",1
20.5,1
"4,146",1
"439,417,160",1
"2,494,884",1
"5,077,413,000",1
"2,856,242",1
"636,000",1
"3,878,744",1
"356,062,000",1
"694,575,000",1
"11,848",1
"7,742",1
"908,000",1
"5,408",1
"173,618,000",1
566,1
"809,452",1
"6,419",1
"5,533,000",1
"13,741,000",1
"1,717,198",1
"4,841,939,000",1
"40,972",1
"6,865,000",1
"18,062",1
"398,647",1
"6,044",1
"4,078,000",1
"145,286",1
"2,626,000",1
"97,032,000",1
"93,577",1
2.82,1
2.89,1
"7,262,000",1
"112,707",1
"182,016,000",1
"161,197",1
"2,664",1
"3,503,000",1
"38,916",1
"2,067",1
"893,678",1
363,1
"4,995",1
882,1
"31,263",1
"4,473",1
"315,160",1
"3,655",1
"68,005,821",1
"10,039",1
"82,780",1
"68,095",1
"18,981",1
"54,897",1
"225,080",1
"1,352",1
"78,715",1
"2,340,000",1
"16,799",1
"293,573",1
"67,948",1
"16,276",1
"35,710",1
"629,000",1
"403,758,000",1
"610,650,000",1
"187,237",1
"1,456,689",1
"1,790",1
"1,804,966",1
"141,543",1
"6,422",1
"24,570,000",1
"1,719,000",1
"907,500,000",1
"189,286",1
"6,524,000",1
"31,037",1
"6,347,494",1
"1,455,725",1
"170,074",1
"264,144,000",1
"12,879,000",1
"136,124",1
"3,950,000",1
"41,857",1
"1,293,000",1
"2,770,000",1
"5,818",1
"694,867",1
"768,000",1
"408,247",1
"3,312",1
"10,260,000",1
"68,072",1
"5,896,000",1
"1,040,000",1
"298,375,000",1
"8,943",1
"61,610",1
"57,507",1
"968,541",1
"4,056,000",1
"10,935,000",1
"10,389,883",1
446,1
"1,902",1
"7,065,000",1
"39,279",1
0.5,1
"9,077",1
"204,366",1
"167,375",1
"1,072",1
"100,439",1
"1,253",1
"13,423,000",1
768,1
"1,167",1
"21,327,000",1
"583,176,000",1
"77,347",1
716,1
"168,790",1
"1,613,965",1
"1,131",1
0.66,1
"6,022,105",1
"568,532,000",1
"150,000,000",1
"24,250",1
"172,531",1
"327,833",1
"2,747,000",1
"205,800,000",1
"42,640,000",1
"15,589",1
"701,743",1
"227,500,000",1
"138,000",1
"84,051",1
"12,862",1
"9,045",1
"3,384",1
"6,660,000",1
"66,710",1
"70,920",1
"2,025,456",1
"3,364,000",1
992,1
"56,686",1
"221,944",1
"2,830,000",1
"1,282,571",1
"33,815",1
"284,143",1
"153,543",1
388,1
"2,836",1
"338,032",1
"141,479,000",1
"486,000",1
"4,288",1
"1,347,212",1
"733,111",1
"3,788",1
"9,593",1
"210,845",1
3.25,1
48.4,1
510,1
"289,018",1
"946,968",1
"2,088",1
"87,093",1
"4,867",1
"27,524",1
"394,640,000",1
"39,840,000",1
"414,295,000",1
"438,750,000",1
"646,740",1
"2,657,000",1
"716,354",1
"122,220,000",1
"40,071",1
"162,963",1
"250,626",1
"7,473",1
"57,308",1
"98,721",1
"3,247,000",1
"302,917",1
"5,409,000",1
"245,074",1
"2,847,895",1
"15,316",1
"20,340,000",1
"845,002",1
"6,900,000",1
"18,044",1
"208,053",1
"21,558",1
"1,458,000",1
"12,691",1
"36,133",1
"14,581",1
101.7,1
"33,474",1
"559,000",1
"3,849",1
"3,248,000",1
"525,634",1
"183,543,000",1
"10,461",1
"38,847,000",1
589,1
"27,328",1
"5,578,000",1
"140,962,000",1
"115,425,000",1
"2,726,000",1
"9,967",1
"1,668",1
"210,299",1
"8,303,025",1
"1,843,000",1
"505,000",1
"182,049",1
"3,494,938,000",1
"4,750",1
"186,354,000",1
"12,092",1
"409,684",1
"403,416",1
"104,746,316",1
"600,585",1
"16,979",1
"9,100",1
"452,226,000",1
"22,537",1
"7,453",1
"92,380",1
"4,490,000",1
"230,163",1
"2,396,302",1
"73,141",1
"1,802,000",1
"132,373",1
"253,227,000",1
"64,790,097",1
"4,225",1
"16,659",1
"271,396",1
"91,429",1
"10,123",1
"1,300",1
"672,919",1
"20,047",1
"5,273,000",1
"379,812,000",1
242,1
"44,823",1
"173,157,000",1
1.71,1
"41,146",1
"13,720,000",1
"3,519,000",1
"9,855",1
"1,448,277",1
"71,485",1
"442,169,000",1
"3,730,000",1
"407,000",1
952,1
"336,360",1
"414,000",1
"16,900",1
"10,713",1
"7,456",1
"18,523",1
"100,143,000",1
"778,597",1
"2,715",1
"272,800,000",1
"2,955,000",1
"4,426,027",1
"21,110,733",1
"54,040",1
"1,818",1
"35,912,000",1
"198,970,000",1
"7,973,309",1
"520,488",1
"13,940,000",1
"1,608,484",1
"33,483",1
"1,292,976",1
"132,300,000",1
"51,870,000",1
"2,732,000",1
"98,000",1
"10,735",1
"634,066,000",1
"95,202",1
530,1
"2,560",1
"20,925",1
"115,920,000",1
"1,485,008",1
"257,730",1
"270,803",1
"312,480,000",1
"664,746",1
"72,930,000",1
"43,497",1
"1,951,702",1
"6,533",1
"53,942,442",1
"9,167",1
"250,937,000",1
8.1,1
"1,572",1
"17,027",1
"180,204",1
"57,605",1
"65,158",1
974,1
"17,621",1
"1,927",1
"2,780,000",1
"47,465",1
"282,556",1
"3,580,000",1
129.4,1
"388,210",1
"4,150,000",1
"29,406",1
854,1
"6,247",1
"104,486",1
"79,962",1
"6,312",1
"3,036",1
911,1
"128,260,000",1
"9,687",1
280,1
"8,705",1
"4,282",1
"805,269",1
"3,571",1
"5,017",1
"978,000",1
"4,503,000",1
"391,000",1
"105,483",1
"4,142,725",1
"1,525,000",1
"381,210",1
"4,370,000",1
"6,618",1
"25,884",1
395,1
"1,554,000",1
32.7,1
"2,098,065",1
"23,541",1
982,1
"348,286",1
"29,157",1
"109,648",1
"9,780",1
"127,296,000",1
"26,641,000",1
"1,109",1
"1,430",1
4.1,1
"147,700,000",1
"5,481",1
"4,307,940",1
"88,588",1
"24,755",1
432,1
"3,652,000",1
"9,965,432",1
"14,306",1
"128,468,000",1
"69,797",1
"231,237",1
"311,211",1
"22,895",1
"102,547",1
"5,051,550,000",1
"41,337",1
"7,736",1
"131,000",1
"655,100",1
"8,894,318",1
"58,650,000",1
"25,885",1
"70,127",1
"54,876",1
609,1
"1,129",1
354,1
"505,980,000",1
"4,439",1
"56,902",1
"611,011",1
26.5,1
622,1
"8,125,000",1
"76,163",1
"337,504",1
"155,185,000",1
"1,651,000",1
"63,110",1
"75,306,000",1
"9,730,000",1
"26,409,000",1
22.8,1
"5,560",1
19.8,1
"4,640",1
"1,632,000",1
"137,378,000",1
"15,114",1
"782,847",1
543,1
"9,408,000",1
"288,587",1
"7,280,353",1
"214,858",1
"2,442,000",1
"103,000,000",1
"1,273",1
"7,555",1
"66,644",1
"138,173",1
"9,135",1
"5,950",1
"175,113",1
"90,423",1
"21,984",1
"13,623",1
"126,900,000",1
"14,899",1
"1,675,000",1
"4,686",1
"180,625,000",1
"16,254",1
"39,475",1
"19,179",1
141,1
"165,947,323",1
"297,336",1
3.32,1
"13,427,000",1
"1,501,830",1
"835,108,000",1
"39,775",1
"5,497",1
"247,945",1
"241,305",1
507,1
"102,901",1
"8,576,000",1
"5,149",1
"247,905",1
"4,278",1
"16,593",1
423,1
"2,493",1
"7,927",1
"1,142,272,000",1
"1,806,208",1
"45,631",1
"86,380,000",1
"29,116",1
"1,429,000",1
"24,414,000",1
"1,854",1
"1,005,215",1
"32,690",1
"362,940,000",1
"2,764",1
"135,248",1
"5,804,799",1
"232,536",1
"4,400,000",1
"1,978,000",1
"104,248",1
"118,114",1
"25,230",1
"48,295",1
"1,594",1
"3,169",1
"3,831",1
"25,870",1
"355,850",1
"17,401",1
"10,340,991",1
"304,681",1
"3,546",1
"2,667,000",1
"64,026",1
"50,131",1
"1,042,596",1
"56,114",1
"616,000",1
"1,608",1
"1,225,000",1
"16,211,000",1
"4,572",1
"812,981",1
"14,712",1
"59,410,478",1
"13,041,000",1
549,1
"49,691",1
"226,000",1
"163,889,000",1
"25,387",1
"495,000",1
"21,001",1
"265,000",1
"7,526",1
"325,237",1
"130,702",1
"253,350,000",1
779,1
"42,225",1
"3,622,853",1
"8,193,916",1
"3,183,000",1
"15,165,000",1
"2,772",1
"1,407",1
"5,782",1
"1,528",1
"850,489",1
"2,594",1
"2,460,000",1
"5,630,000",1
"26,894",1
"318,599",1
"30,105",1
"269,445",1
"11,312",1
577,1
"67,039",1
"2,511",1
"5,186",1
"118,859,000",1
895,1
"4,020,000",1
"201,097,000",1
"834,820,000",1
"8,347,000",1
5.5,1
"34,265,000",1
"23,795",1
109.4,1
"626,247,000",1
1.52,1
67.5,1
"1,729",1
"51,760",1
"285,000,000",1
"416,114",1
"27,976",1
"45,919",1
"28,986",1
"10,379",1
"1,026",1
606,1
"1,319",1
373,1
"20,041,742",1
"11,447",1
"810,000",1
"1,212,757,000",1
"5,163",1
"271,000",1
"3,014",1
"1,666",1
"29,480",1
"25,460",1
"63,910,000",1
"7,940,000",1
"12,843",1
"107,735",1
"56,705",1
"10,537",1
"18,247",1
802,1
"340,360,000",1
"509,990",1
"1,546,535,000",1
307,1
"21,000",1
"38,898,000",1
"154,200",1
"28,861",1
"228,382",1
"24,200",1
"17,852",1
"2,385,000",1
"1,006,000",1
1.26,1
"339,766",1
"147,244",1
"2,318",1
"14,750,000",1
3.05,1
"899,232,000",1
542,1
"65,905",1
"118,850",1
"14,132",1
"1,033",1
693,1
"348,000",1
"44,406,845",1
"15,655",1
"1,118,000",1
"124,736",1
"40,606",1
"51,060",1
"47,636",1
"25,441",1
"157,430,000",1
"7,657",1
"6,615,000",1
"1,176",1
"949,038",1
"14,692",1
"5,775,000",1
"50,960,000",1
973,1
"165,048,253",1
3.71,1
"20,680,000",1
"252,695",1
124.8,1
1.82,1
"8,136",1
"4,789,000",1
"9,067,000",1
"23,917",1
"7,770",1
"2,694,000",1
"2,427,456",1
18.4,1
"183,304",1
"4,930,000",1
"329,670,000",1
576,1
"68,069",1
"265,667",1
"5,678",1
"2,505,282,000",1
"124,013,000",1
"5,049,124",1
"146,120,000",1
"6,214,308",1
"13,313,000",1
"12,266,645",1
"5,665",1
642,1
"30,866",1
"31,525",1
"22,780,000",1
"50,353",1
"21,799",1
"1,035",1
"1,052,509",1
726,1
"121,812",1
"12,928",1
"1,920,000",1
"4,139,000",1
"1,862",1
"2,325,000",1
"29,646",1
"28,687,236",1
"519,252",1
"16,821",1
"153,869",1
"3,785",1
"1,254,000",1
"12,387",1
"4,108,000",1
"332,181",1
"129,883",1
"13,219,000",1
"122,369",1
40.3,1
"7,696",1
"4,624",1
"138,218",1
"895,059",1
"1,012",1
"1,577",1
"10,372",1
"84,308",1
29.7,1
"6,080,000",1
"88,239",1
"249,110",1
"18,666",1
"4,893,000",1
"6,021",1
"23,560,149",1
"4,520",1
"3,895,401",1
"18,509",1
425,1
"1,967",1
"1,090",1
"87,975,000",1
"7,574,000",1
"6,415,000",1
"2,030",1
"1,222,329",1
"2,530",1
"266,150",1
"1,765",1
"58,118",1
"396,270,000",1
"360,406,000",1
"102,721",1
"4,522,000",1
"118,648",1
"3,384,000",1
"5,538",1
"5,734,433",1
"1,727",1
"180,435,000",1
"196,764",1
"19,756",1
"12,259,000",1
"175,000,000",1
"12,710",1
"156,109",1
"120,934,000",1
"3,067,947",1
"4,049,000",1
"1,035,105,000",1
"304,000",1
"27,650",1
"4,785,000",1
"220,016,000",1
"576,576,000",1
"235,122",1
"62,470",1
"4,775,000",1
"32,600",1
"4,460,100",1
"3,358,000",1
"48,630",1
"92,955,000",1
"3,114,000",1
"14,124,000",1
"3,978",1
"53,000",1
"15,753,492",1
"19,767",1
"419,127",1
"1,906",1
"374,687",1
"30,963",1
"54,329",1
"18,341",1
677,1
"295,546",1
"229,000",1
"231,000",1
"1,225,336",1
"44,917,583",1
"1,284",1
463,1
"4,925,000",1
336,1
"230,550,000",1
37.7,1
"1,038,567",1
"5,260",1
"2,713,911",1
"28,327",1
"14,058,000",1
"3,092,000",1
"81,541",1
"6,677,460",1
"833,000,000",1
"13,341",1
"19,022",1
"1,495",1
"32,046",1
"959,186",1
"8,260,000",1
"2,244.9",1
"489,804,000",1
"7,005,000",1
"11,352,000",1
34.5,1
"566,981",1
"5,900,000",1
430,1
"522,830,000",1
"18,914,000",1
"336,000",1
"219,119",1
"693,000",1
"1,590,000",1
"16,150,000",1
"34,791,735",1
"32,365",1
"64,404,000",1
"58,641",1
"1,932",1
"88,634",1
"189,990",1
"4,845,000",1
"124,500,000",1
"894,958,000",1
"746,372,000",1
"1,428,009",1
"9,613",1
"47,317",1
"2,425,370",1
"1,950,804",1
"490,250",1
"62,293",1
"928,000",1
"3,779,069",1
"2,370",1
"2,344,000",1
"878,764",1
"208,875",1
"26,104",1
"68,367,000",1
"9,707",1
46.7,1
"253,661,000",1
"3,326,546",1
"295,213,000",1
"513,089",1
"11,656",1
"166,885",1
"193,814",1
"836,000",1
"53,545",1
"3,524,013",1
"34,904",1
"3,102",1
"49,873",1
"11,100",1
"32,940",1
32.5,1
"16,943",1
"7,648",1
"143,163",1
"6,980,000",1
"1,303",1
"53,780,000",1
"5,116,931",1
"2,697,000",1
"713,385,000",1
"103,085,000",1
"10,306,462",1
"49,685",1
485,1
"13,855,000",1
"1,196,000",1
"68,606",1
"23,426",1
"253,136",1
"147,691",1
"1,566,000",1
18.2,1
"5,511",1
"160,502",1
"442,944",1
42.9,1
"2,299,000",1
"59,700",1
"2,355",1
"1,533",1
"14,384,000",1
"2,169,936",1
"271,400,000",1
"3,449,000",1
"2,548",1
"30,031",1
"467,591",1
"32,837",1
"3,806",1
"2,647",1
"3,302,000",1
"8,434",1
"467,634",1
"610,621",1
"118,800,000",1
"38,168",1
"1,100,000",1
"144,986,000",1
"2,905,000",1
55.8,1
"3,225",1
"500,023",1
"1,360,000",1
"1,196,989,000",1
"22,010,000",1
"506,000",1
"1,877",1
"6,558",1
"18,105",1
"4,248",1
"1,677",1
"1,712,099",1
"215,843",1
"3,941",1
"143,001",1
"30,452,161",1
"297,074",1
"7,687,000",1
"13,726",1
"136,425",1
"1,164,000",1
"15,360",1
"260,924",1
"18,188",1
"65,317",1
"521,420,000",1
"2,286,130",1
6.6,1
"1,382,165",1
"709,736,000",1
"743,904,000",1
517,1
"1,869",1
"1,355",1
"56,263",1
0.4,1
"64,952",1
"216,605",1
"35,526",1
"125,307,000",1
"10,834",1
"157,760,000",1
"717,196",1
"160,707",1
"27,255",1
"62,080,000",1
"1,323",1
"1,447,210",1
"16,063",1
"20,710,000",1
"24,753,000",1
"265,137",1
"13,718",1
"291,831",1
"30,000,000",1
"211,000",1
"2,988",1
"9,478",1
"121,017,000",1
"59,738",1
"3,277,000",1
"67,962",1
"1,956",1
"4,100,000",1
3.59,1
"170,625,000",1
"111,511",1
"237,920",1
"3,345",1
"76,174",1
"6,288",1
"459,000",1
"30,194,000",1
"78,355",1
"25,335,095",1
"1,152,968",1
"2,370,000",1
"66,641,727",1
"202,101,000",1
"25,983",1
"19,539",1
"363,728",1
"2,677,491",1
"63,610",1
"373,808",1
"3,549,000",1
"21,978",1
1.99,1
"10,570,000",1
"123,473",1
"274,464",1
"7,721",1
"7,450",1
"47,974",1
"16,078",1
"62,316",1
"460,000",1
"79,361",1
52.9,1
"1,318",1
"68,778",1
"15,985",1
"5,976",1
"176,401",1
"1,915",1
"12,221",1
"769,794",1
"10,974",1
"8,872,668",1
37.9,1
"15,448,000",1
"135,834",1
"37,680",1
"5,304,000",1
"5,930",1
"32,759",1
"2,042,806",1
"7,204,013",1
"24,048,000",1
"589,000",1
"3,252,000",1
"76,545",1
"1,138",1
"1,490",1
745,1
"2,494,000",1
"6,087",1
1.33,1
"33,746,782",1
"1,963,000",1
"1,264,665",1
"2,216,598",1
"2,047",1
"5,553",1
"1,358,693",1
"58,477",1
1.62,1
"514,798,000",1
"2,877",1
"65,278",1
651,1
"17,534",1
"417,273",1
"154,552,000",1
"2,014",1
"164,867",1
"12,342",1
"18,284,565",1
743,1
"4,105,000",1
"1,221,596",1
"2,812",1
"1,045",1
"1,453,000",1
"229,212",1
"279,844",1
"21,914",1
"3,470",1
"45,750",1
365,1
"10,508",1
"127,015,000",1
"38,586",1
"37,500",1
"3,484,000",1
"4,289,000",1
"828,000",1
"1,393,100",1
"6,365",1
"156,530",1
"14,530",1
"108,264",1
"1,811,821,000",1
"112,133",1
"44,137",1
"75,717",1
"4,639",1
"434,993,000",1
"207,667",1
"5,015,914,000",1
"1,198,000",1
"853,070",1
"138,695",1
"32,427,193",1
"14,976",1
"1,543,920",1
"2,215,586,000",1
"19,839",1
"1,095",1
"504,000",1
"5,875",1
"42,943,000",1
"147,125,000",1
"120,470",1
"288,128",1
"156,934,000",1
"145,790",1
"2,338",1
"6,391",1
"13,600",1
"5,019",1
"7,499,000",1
"4,213",1
"150,480,000",1
"1,394,000",1
"9,500",1
"239,990,000",1
"3,998,433",1
"43,866",1
"60,503",1
"101,879,000",1
"2,145",1
"1,793",1
"3,157,000",1
"13,679",1
"1,442,152",1
31.9,1
"2,914,000",1
"223,089",1
"97,766",1
"1,142,399",1
"1,012,000",1
"13,580,000",1
"1,363,000",1
"22,506",1
"107,085",1
475,1
"212,760,000",1
"4,336",1
"1,544",1
"2,970,000",1
"1,988,463",1
"5,607",1
"8,204",1
"558,600,000",1
"3,827",1
"3,502",1
"29,255",1
"1,440,778",1
"4,658",1
"1,326,338",1
"57,253",1
62.2,1
"158,270",1
"2,137",1
"12,348,000",1
"32,812,970",1
961,1
"127,667",1
"3,189,000",1
"1,518,000",1
"1,004",1
"1,249",1
"18,838",1
"261,977",1
"3,675",1
"1,676,784",1
"29,279",1
"1,246",1
"1,091,607,000",1
"186,200,000",1
"104,671",1
"18,410,000",1
"2,352,000",1
"5,059",1
"547,257,000",1
1.69,1
"6,396,000",1
"121,896",1
"12,161",1
"1,367,295",1
"43,031",1
"82,804",1
"3,582,000",1
"220,575,000",1
"548,925,000",1
"4,286",1
"73,867",1
"16,792",1
"7,994",1
"532,577",1
"697,606",1
"21,017,260",1
"114,011",1
"1,530,000",1
"8,265,924",1
"217,000",1
"111,021",1
2.13,1
"58,533",1
"28,914",1
"3,357,000",1
"1,287,000",1
"31,335",1
"69,867",1
"20,620",1
"153,520,000",1
2.06,1
"353,925,000",1
584,1
"136,128,000",1
"15,428,681",1
3.47,1
"487,684,000",1
"238,618",1
"3,701,000",1
"1,272,436",1
"13,948,526",1
"1,073,675",1
"3,561",1
"283,500,000",1
"88,000",1
"730,457",1
"71,663",1
"58,963,482",1
"1,125,000",1
"53,834",1
"20,587",1
"828,576",1
"36,705,000",1
"16,272",1
"415,336,000",1
"4,638,000",1
"5,790,190",1
"3,884,021",1
"18,450,000",1
"1,385",1
"63,233",1
"16,239",1
"9,448,756",1
"3,498,000",1
"451,920",1
"83,610",1
"2,904",1
"355,500,000",1
"755,293,000",1
"35,102,000",1
"674,484",1
"33,141,000",1
"3,430,000",1
"1,497,411",1
"3,686",1
"548,311",1
"18,935",1
"3,293",1
"18,500,000",1
"59,783",1
"233,000",1
"4,285",1
"1,370",1
"11,750",1
"3,478,738",1
"131,637",1
"304,933",1
"15,742",1
"229,886,000",1
"860,947",1
"443,338",1
"2,769,558",1
"7,940",1
"66,300,000",1
"13,369",1
923,1
922,1
"26,730",1
411,1
"10,697,000",1
"24,021",1
"561,000",1
"197,319",1
"10,542,000",1
"37,901",1
"32,980",1
"13,536,000",1
"337,202",1
"258,218,000",1
"30,138",1
"12,583,000",1
"13,486,000",1
"1,139,055",1
"28,568",1
"1,989",1
"265,444",1
"17,795",1
"7,891",1
"3,271,395,000",1
"3,820,000",1
"416,000",1
"2,962",1
"1,382,377",1
"21,095",1
"2,601,263",1
"1,537,000",1
"4,928",1
"1,489",1
"13,434",1
"1,055,790",1
"472,200,000",1
"3,815,000",1
"7,213,000",1
"1,720,094",1
"5,256",1
"384,175,000",1
"1,687,431",1
"91,770,000",1
"62,448,000",1
"460,345",1
"244,596",1
"33,809",1
"8,572",1
"11,321,888",1
"4,032",1
"9,922,598",1
"3,319",1
"6,275,000",1
"4,692,000",1
"2,052,000",1
"173,950",1
"132,750,000",1
"8,402,000",1
"34,252",1
"10,346",1
"14,674",1
"2,530,726",1
"1,499,000",1
"4,612",1
"1,209,000",1
"4,176,000",1
"7,589,000",1
"20,125,782",1
"1,023,043",1
"13,953,000",1
"44,075",1
"9,184,000",1
"3,962",1
"806,918",1
"2,048",1
"4,052,473",1
"3,753,000",1
"5,476",1
"376,599",1
"4,280",1
"1,358,380,000",1
"1,980,693",1
"12,255",1
"132,085",1
"8,992",1
"4,528,000",1
842,1
"12,475",1
"2,122,000",1
"9,576,000",1
"91,166",1
"192,500",1
"421,219",1
"9,034,000",1
"163,370",1
"997,366",1
"2,844,000",1
"2,807",1
"1,088",1
"72,282",1
"5,091,191,000",1
"4,940",1
"6,756,336",1
"3,699,078",1
"11,986",1
"13,012",1
"6,412",1
"1,789",1
"278,156",1
"34,250,000",1
"1,548,000",1
"356,558,000",1
"4,465,300",1
"3,423,000",1
"41,230",1
458,1
"36,593,000",1
"10,421,000",1
"46,653",1
"21,975",1
"3,227",1
"2,735",1
"30,941",1
"230,071",1
"5,775",1
"80,968",1
"25,123",1
"66,470",1
"367,738",1
"5,280,000",1
"168,295",1
"111,875",1
"105,000,000",1
"122,513,000",1
"1,272,702,000",1
"4,763,000",1
"48,500",1
"1,412",1
"125,000",1
"2,256,000",1
"5,120",1
"28,625",1
"201,400,000",1
"49,610",1
"26,738",1
"125,409,000",1
"8,984",1
"4,653",1
"119,950,000",1
"685,257",1
"44,956",1
"7,673",1
"1,992,446,000",1
"1,321,339",1
"11,753",1
"64,104",1
"1,487",1
"40,469",1
"169,744,000",1
"30,984,000",1
"1,625,000",1
"1,874,000",1
"1,068",1
"583,792,000",1
"425,525,000",1
"143,526",1
"3,051,000",1
"6,584,000",1
"561,229",1
"357,655,000",1
"77,399,306",1
568,1
"2,835",1
"899,294",1
"3,802",1
"68,684,000",1
"11,926,000",1
"399,647",1
"649,601",1
"4,028",1
"686,000",1
"804,384,000",1
"12,711,000",1
"1,401",1
"12,819,000",1
"383,984",1
"149,987",1
"70,764",1
"1,662",1
1.83,1
"9,840,000",1
"58,327",1
"4,417,000",1
"1,439",1
"333,450,000",1
"46,828",1
"173,280,000",1
"2,520",1
"5,325,057",1
"942,789",1
"2,475,697",1
"4,038,000",1
"147,675",1
"94,324",1
"28,090,000",1
"17,330",1
"107,400,000",1
"2,332,000",1
"10,500",1
"908,010,000",1
"70,846",1
"97,316",1
"15,692",1
"3,557,585",1
"1,098,108,000",1
"18,333,744",1
"9,473",1
"81,992",1
"646,181",1
"135,786,000",1
"22,600",1
"10,304,380",1
"131,312,000",1
"77,402",1
"5,830,000",1
36.3,1
"4,730,000",1
"96,373",1
"206,589",1
"229,234",1
"35,770,000",1
"5,394",1
"43,584",1
"4,224,000",1
"4,253",1
"27,110,000",1
"7,900,000",1
"17,729",1
"290,000",1
"9,790",1
"25,500",1
"535,208",1
"3,442",1
"49,000",1
"132,600,000",1
"289,188",1
"6,205",1
814,1
"157,172,000",1
"9,356,000",1
"2,247",1
"5,191",1
"396,864,000",1
"11,911",1
"528,000",1
"12,031",1
692,1
"2,320,316,000",1
"203,735",1
"68,232",1
"157,793",1
"22,731",1
"1,362",1
"8,101,048",1
"245,593",1
"14,256,000",1
"205,029",1
770,1
"4,880,000",1
"1,951",1
"57,000",1
"6,406,000",1
"429,570,000",1
"13,694,000",1
"30,825",1
"414,923",1
"1,029,000",1
"2,958,000",1
"1,584,000",1
"25,353",1
183,1
"305,061",1
"13,261,000",1
"2,627",1
"32,895",1
"3,250,000",1
"107,428,000",1
"1,785,000",1
"51,479,887",1
"172,252",1
"6,388,000",1
"84,390",1
"104,000",1
"1,242",1
"2,216",1
"7,192",1
"3,063",1
"694,393",1
"1,450,803",1
283,1
"4,210",1
"3,979",1
"37,527",1
"22,152",1
"4,372,000",1
"7,682,000",1
"9,047,000",1
"133,583,000",1
"149,413",1
"1,084,335",1
"1,804",1
"11,325",1
"24,131,093",1
"246,154,000",1
"432,699",1
"495,309",1
"42,267",1
"101,316,000",1
"17,968",1
"2,426",1
"1,359,102",1
"13,792,000",1
"1,404,000",1
"31,162",1
"14,323",1
"18,662,000",1
"79,200",1
"69,247",1
"15,900",1
"2,196,773",1
"212,151",1
"1,836",1
"45,341,000",1
"90,098,000",1
"4,342,000",1
"682,080,000",1
"1,553,000",1
"12,589",1
"3,315",1
"15,508",1
"111,855",1
"878,602",1
"12,600",1
"4,348",1
"6,918",1
"114,896",1
35.4,1
"3,237,000",1
"8,254",1
"10,001",1
"2,473",1
"47,168",1
"12,279,000",1
"44,776",1
3.5,1
"124,211",1
"4,480",1
"1,824",1
"1,486",1
"5,457,000",1
"1,145",1
"33,008",1
"12,826,000",1
"497,000",1
"131,169",1
"117,789",1
"3,310,000",1
"164,310,000",1
"5,752,532",1
"184,266",1
"139,973,000",1
"317,370,000",1
"7,034,000",1
"82,000",1
"1,773",1
"4,853,457",1
"113,665,000",1
"93,664",1
"45,735",1
"69,422",1
"162,154",1
"1,041,591",1
"75,902",1
"4,198,014",1
"4,090",1
"50,189",1
"284,253",1
8.9,1
"177,840,000",1
"2,352",1
"14,255",1
"940,910,000",1
"2,912,555",1
"14,946,000",1
"291,339",1
"146,177",1
"276,844",1
"3,848,000",1
"14,024",1
"3,442,000",1
"4,159,413",1
47.3,1
"292,077",1
"46,474",1
"171,111,000",1
"121,363",1
"555,000",1
"935,759",1
"206,000",1
755,1
"1,185",1
384,1
"890,000",1
"18,445",1
"2,862,792,000",1
27.8,1
"12,213,000",1
"8,169",1
"58,565",1
"9,973",1
"28,732",1
"4,712",1
"1,008",1
"1,256,345,000",1
"1,636,000",1
"24,387",1
"657,776",1
"46,004",1
897,1
"2,602,000",1
"5,865,000",1
"5,465",1
"4,478,576",1
"30,389,000",1
"10,349",1
"456,989",1
"649,900",1
"427,960,000",1
836,1
"90,091",1
"2,306",1
"133,320,000",1
"1,115,694,000",1
"10,868,000",1
"36,800,000",1
357,1
"114,907,000",1
417,1
"104,778",1
"614,517",1
"1,555",1
"4,127",1
"38,070,000",1
"8,696",1
"145,654",1
"1,298",1
"1,521,577",1
14.5,1
"218,952",1
"125,284",1
"13,618,000",1
"103,151",1
"8,629",1
"344,903",1
"295,078",1
"213,400,000",1
"7,700,000",1
"4,096",1
"29,441,000",1
"174,512",1
"11,482,000",1
51.9,1
"97,335,000",1
"19,255",1
337,1
"7,636",1
"3,881",1
"49,807",1
"13,810,000",1
"163,344,000",1
"557,077",1
"2,197,000",1
"1,705",1
"41,958",1
"1,270,717",1
1.37,1
"7,426",1
"1,861,704,000",1
"1,155,446",1
"103,540",1
"6,734,000",1
"171,548,000",1
"71,329",1
"861,249",1
"9,230,000",1
"115,766",1
"99,000,000",1
"11,760,000",1
"8,833",1
"1,056,000",1
"4,237",1
"1,619,046",1
"4,090,000",1
"26,660",1
"54,889,000",1
"83,403,000",1
"3,145",1
"68,173",1
"787,978",1
414,1
"9,690,000",1
"2,975,594",1
"124,897",1
"732,122",1
"1,655,000",1
"112,852,000",1
"48,171",1
"74,321",1
"4,305,000",1
"9,899",1
493,1
"37,052,829",1
"8,970,446",1
"1,031",1
"6,853",1
"15,431,000",1
671,1
"8,040,000",1
"6,101,000",1
"24,900",1
"116,210,000",1
"10,524,000",1
"61,888",1
"259,000",1
"7,181",1
"845,000",1
"2,950",1
"4,075",1
"6,198",1
"2,008,326",1
"1,131,799",1
"10,969",1
"792,000",1
"12,746,000",1
"18,685",1
45.4,1
"54,550",1
"4,238,422",1
"6,880",1
"14,110,000",1
"8,279,260",1
"7,280,000",1
"6,002",1
"1,860",1
"70,106",1
"235,109",1
"11,295",1
"168,865,000",1
3.6,1
"437,730,000",1
"11,699,000",1
"12,159",1
"144,000",1
"3,415,000",1
"365,094",1
"144,480,000",1
"13,452",1
465,1
"866,000",1
201,1
"649,276",1
"46,815",1
"439,290",1
"6,640",1
"14,919",1
"4,629",1
"234,000",1
"4,243,000",1
362,1
"2,020,000",1
"192,762,000",1
"105,538",1
"361,882",1
"49,331,000",1
"114,212",1
"1,896",1
932,1
122,1
"1,046",1
"83,635,583",1
"242,280,000",1
"23,592",1
"363,575",1
"5,001,858",1
"9,900",1
"87,793",1
"1,360",1
"5,640",1
"18,132",1
"298,957",1
"42,180",1
"94,744",1
"25,877",1
"837,270",1
89.6,1
"1,413,071",1
"108,650,000",1
"46,223",1
"41,032",1
"43,483",1
"2,177",1
"189,712",1
"7,712,000",1
"68,654",1
"31,155",1
"8,075,000",1
"967,964",1
"9,965",1
"1,798,000",1
"9,876",1
"17,838",1
"11,216,115",1
"4,404,000",1
"322,997",1
"76,873,000",1
"9,262",1
"149,500,000",1
"165,354,000",1
"10,910",1
563,1
"149,940,000",1
"260,706",1
"732,550,000",1
"97,950,000",1
"153,107",1
"96,136",1
"69,142,960",1
"235,909",1
"1,858",1
"680,000",1
535,1
226,1
"7,295",1
"1,008,000",1
"1,564,241",1
"4,555,000",1
"4,828",1
"29,696",1
"30,821",1
"2,947,227",1
"22,447",1
"4,946",1
"39,833,222",1
"1,943",1
"1,662,782",1
"38,073",1
"57,184",1
"146,189,000",1
"207,580,000",1
"3,767,000",1
"26,174",1
"92,340,000",1
"298,404",1
"15,089,000",1
"266,080",1
"531,415",1
"57,259",1
"790,000",1
"183,660,000",1
1.66,1
"75,289",1
"53,764",1
"2,294,300",1
"129,710,000",1
"37,741",1
"246,000",1
"33,913,000",1
"11,998,284",1
"135,115,000",1
"3,488,284",1
"92,114,000",1
"44,000",1
"2,848,000",1
"7,878",1
"34,992,504",1
"19,563",1
"798,718",1
94.6,1
572,1
"13,725,659",1
"24,190",1
"32,732",1
"4,850,000",1
"1,663,915",1
"3,547",1
"23,674,000",1
"694,518",1
"14,048,000",1
"10,788",1
"3,947,321",1
"2,491",1
"1,923",1
"31,537",1
"1,460,000",1
"90,987,000",1
"6,215,000",1
"199,042",1
"1,752,753",1
"1,030,756",1
"20,572",1
"2,670,000",1
665,1
"71,893",1
"4,720,000",1
"4,876",1
"348,191",1
"1,519,255",1
"78,351",1
"28,729",1
"2,170.4",1
5.8,1
"345,800,000",1
"9,021",1
"3,867,886",1
798,1
"199,862",1
"44,858",1
"7,550",1
"3,727,536",1
"3,698,000",1
986,1
"44,288",1
"93,588",1
"1,414,061",1
"6,633,000",1
"10,733",1
878,1
"421,124",1
"24,209",1
"181,670,000",1
"6,273",1
"30,476",1
"119,711",1
30.1,1
"533,000",1
"43,000",1
"6,401",1
"25,300",1
"3,615,000",1
"389,120,000",1
"8,240",1
"9,037",1
"14,619",1
142,1
"1,794,000",1
"2,760,327",1
"2,782",1
"13,642",1
"2,720,000",1
830,1
"9,537",1
"1,549,053",1
"4,633",1
"3,126",1
"230,083",1
"4,488,804",1
"98,474",1
"225,000",1
3.65,1
"60,477",1
"13,401,000",1
"952,000",1
"418,000",1
"720,792,000",1
"3,035",1
2.17,1
"29,705",1
59.4,1
"3,463,000",1
"14,381",1
"9,164,000",1
"1,342",1
"28,053",1
"2,233,000",1
"19,657",1
"54,307,645",1
534,1
"5,048",1
"572,248",1
"483,231",1
645,1
"37,000",1
"15,375",1
426.4,1
"194,180,000",1
"324,280,000",1
"127,110",1
"2,527,256,000",1
"20,531",1
"14,085",1
"76,614",1
"278,883,000",1
"46,205",1
"27,620",1
"11,586",1
"69,000",1
"1,518",1
78.7,1
"45,513,000",1
"50,456",1
"1,453",1
"2,286,753",1
"3,708",1
"79,230",1
"376,829",1
"24,800",1
"705,076,000",1
"14,014",1
"73,263",1
"6,413",1
"3,090,000",1
"15,465",1
"21,838",1
"6,961,405",1
"3,425",1
"3,108,000",1
"13,960",1
"2,738",1
"6,228,000",1
"1,805,666",1
"1,235,821",1
"4,375",1
"107,230,000",1
"324,000,000",1
"111,726",1
"186,458",1
"377,856",1
"2,671,000",1
847,1
"3,877",1
"1,798,182",1
"393,392",1
"10,145",1
"105,436",1
346,1
"3,844",1
"62,010,000",1
"5,337,000",1
"4,948,000",1
"53,939",1
"4,220,000",1
"4,101",1
"18,388",1
"78,465",1
"38,880",1
"1,136",1
"28,534",1
"510,338",1
"144,914",1
"712,838",1
"243,000",1
"52,395,765",1
"88,998",1
"3,765",1
"170,100,000",1
"23,950",1
"649,000",1
"11,144",1
"77,577",1
14.8,1
"33,541",1
"1,786",1
"1,110",1
86.2,1
"2,665",1
"4,488,000",1
"38,270",1
"26,516",1
"1,098",1
"11,280,000",1
"2,493,000",1
"1,445,604",1
17.5,1
"129,196",1
"96,836",1
"3,575",1
"1,723",1
"4,981",1
"433,841",1
"24,522,000",1
"1,946",1
"8,109,480",1
"181,787,000",1
64.4,1
"204,007",1
"13,210,000",1
"5,813,000",1
"41,910",1
"3,720",1
"270,740",1
"4,099,000",1
"10,423,757",1
"17,661",1
573,1
"9,367",1
"325,325,000",1
"4,814",1
"113,592",1
"166,000",1
"113,620,000",1
"99,796",1
"1,931",1
942,1
"2,684",1
"25,548",1
"25,224",1
"1,690",1
"3,226,000",1
"157,583,000",1
"5,541",1
"3,056",1
"3,337",1
"13,567,000",1
"3,070",1
"32,966",1
"4,520,000",1
"38,000",1
"3,821",1
"158,049",1
"15,546",1
"66,975,365",1
881,1
"796,250,000",1
"106,468,000",1
"3,605,000",1
"57,240",1
"7,303",1
"14,047,000",1
"2,002",1
"15,660,000",1
"74,960",1
"104,222",1
"66,348",1
"884,000",1
27.7,1
"46,337,052",1
"102,979",1
"7,077",1
"1,260,862",1
1.31,1
"6,966",1
3.23,1
"25,056,569",1
"96,995,653",1
"3,231",1
"1,314,000",1
"4,950",1
"5,088,000",1
"177,167,000",1
"2,464",1
"1,462",1
"2,211",1
"6,780,000",1
"13,185",1
"314,770",1
"174,600,000",1
"4,396",1
"35,436",1
"9,072",1
"188,978,000",1
"670,000",1
"21,098",1
"2,820,000",1
"24,793",1
"10,318",1
"5,754",1
"81,859",1
"108,900,000",1
"12,034",1
"4,321,000",1
"120,190,000",1
1.57,1
"951,785",1
"19,638",1
960,1
"1,091,842",1
"11,358,000",1
"169,202",1
"5,562",1
"874,041",1
"854,112,000",1
"3,555,025",1
"962,000",1
"1,375",1
"17,295,000",1
980,1
30.7,1
"4,346",1
"6,825",1
"1,267",1
"1,537",1
"45,954,000",1
"9,999",1
"13,640,000",1
"7,873,000",1
"5,038,516",1
"1,892",1
"206,836",1
"2,644",1
"17,837",1
"1,551,000",1
1.73,1
"2,341,000",1
"741,256",1
"253,326",1
"3,867",1
"485,000",1
"84,000,000",1
"791,539",1
"2,517",1
"71,638",1
"12,206,000",1
"1,768,763,000",1
"3,452",1
"402,000",1
"97,265,000",1
375,1
"1,346",1
"614,940",1
"562,763,000",1
"4,280,000",1
"1,515",1
"59,238",1
"84,364,000",1
"9,915",1
"35,412",1
"48,277",1
"407,044,000",1
"4,456",1
"254,822,000",1
"2,530,613",1
"1,823",1
560,1
"77,672",1
"8,272",1
144,1
"802,638",1
"60,378",1
"6,735,936",1
558,1
"961,020,000",1
"5,546",1
"24,162",1
"9,402",1
"440,559,000",1
598,1
"20,462",1
"1,659",1
"138,748",1
"145,959",1
"332,887",1
"65,032",1
"1,754",1
"5,170,000",1
"11,770,421",1
"395,226",1
"77,537",1
"2,840",1
"657,095",1
"7,887",1
"201,351",1
"36,509",1
"13,192,000",1
"26,212,376",1
"5,496",1
"67,655",1
"129,560",1
"14,002",1
"155,040,000",1
597,1
"371,875,000",1
"6,986,674",1
1.39,1
209,1
29.4,1
"35,680",1
"275,002,000",1
404,1
"13,724,000",1
"164,895",1
"1,667",1
"1,525,384",1
"51,161",1
"43,679,000",1
"10,548",1
"616,800",1
"11,386,986",1
"3,750,000",1
"1,026,636",1
"2,269,000",1
"102,709",1
"2,261",1
"2,033,979",1
"1,239",1
"91,211",1
"1,204,000",1
"28,543",1
"154,400,000",1
"1,735",1
473,1
"152,924",1
"10,163",1
"4,182,000",1
169.2,1
"291,491,000",1
"114,341,000",1
697,1
"1,396,200,000",1
"1,168",1
"2,929,000",1
345,1
"7,270,000",1
"7,600,000",1
"2,763",1
"1,113",1
"14,263,000",1
"4,650,000",1
"485,968",1
"755,592",1
"3,019,000",1
"7,837",1
"606,000",1
"9,600,000",1
"6,944,000",1
"135,135,000",1
"18,990",1
"6,139,000",1
"64,890",1
"5,001,000",1
"79,326,000",1
"4,459,000",1
439,1
171,1
"8,132,000",1
"99,675",1
"3,886",1
"10,000,000",1
"23,364",1
"62,045",1
"11,000",1
"465,660,000",1
"22,226",1
"36,854,000",1
"13,915",1
"30,276",1
"16,070,000",1
"231,581",1
"8,475,000",1
"25,685,000",1
"1,839",1
"579,000",1
"69,582,000",1
"431,925",1
"56,226",1
"12,096",1
"119,834",1
"3,593",1
"3,706",1
"251,981",1
"60,910",1
"931,486",1
"1,333,000",1
"1,054,705",1
"48,466",1
"260,500",1
"22,103,000",1
"260,754",1
"23,125",1
"22,873",1
"197,150",1
"342,609",1
"3,393,994",1
"6,700,000",1
"2,027",1
742,1
211,1
"61,063",1
"307,000",1
"28,385,000",1
"523,219,000",1
"86,985",1
"185,000",1
"6,290,000",1
"88,771",1
"481,365",1
"501,000",1
"1,117,137",1
"1,554",1
"16,269",1
"9,165",1
"115,221",1
"13,843,000",1
"13,319",1
"150,376,000",1
"34,512",1
"1,336",1
"21,600,000",1
"17,788,000",1
"750,827",1
"19,162",1
"27,138",1
"117,030,000",1
"6,235,847",1
"75,674",1
"4,606",1
"9,936,000",1
"1,131,395",1
"55,642,000",1
"15,980",1
"1,582,961",1
"2,206,000",1
"61,009",1
"2,244",1
850,1
"111,393",1
"64,620",1
442,1
"83,900,000",1
"1,092,407,000",1
616,1
"33,926,000",1
"27,404",1
"8,588",1
"446,760,000",1
"188,084",1
"382,303",1
"299,306,000",1
"146,025,000",1
"10,433",1
"8,461,000",1
"25,700",1
"537,219,000",1
"2,896",1
"7,590",1
"12,076,886",1
359,1
"62,876",1
"197,351",1
"21,850",1
"167,249",1
"109,550,000",1
"102,935",1
"3,276,000",1
"26,416,229",1
"3,815",1
"3,332,000",1
"74,052,000",1
"211,071,000",1
"25,805",1
258,1
"3,674",1
"1,763",1
"4,446,000",1
"49,827",1
"431,022",1
"1,423,957",1
696,1
646,1
"1,844,200",1
775,1
"17,139",1
"29,953",1
"4,675,000",1
"686,536",1
"5,345",1
"7,989",1
"3,124,224",1
"118,288",1
"28,220,000",1
"2,142",1
"5,895",1
"3,230,000",1
"351,000",1
"154,336,000",1
676,1
"1,274",1
"13,153",1
"7,018,678",1
"1,234",1
914,1
"886,090",1
"4,672,738",1
"7,436,000",1
"244,915",1
"272,096,000",1
"35,242",1
19.9,1
"218,484,000",1
"13,000,000",1
"1,473",1
"5,120,000",1
"123,062",1
"9,312,000",1
"5,088",1
"340,560,000",1
"2,314",1
1.97,1
"41,116",1
"3,525,000",1
698,1
"1,937",1
"552,467",1
"24,840,000",1
152,1
"6,814",1
"115,066",1
"1,233",1
"433,000",1
"1,378,000",1
"44,864",1
"2,031,524",1
"2,403",1
"1,199,466",1
"11,642",1
"247,962,000",1
"126,100",1
"2,025,000",1
"45,656",1
"4,798",1
"4,836,140",1
"4,825,726",1
"116,592,000",1
"26,980,000",1
"3,840,000",1
"56,440",1
"128,406",1
"62,823",1
"2,046,600",1
"12,653",1
"2,712",1
"193,674,000",1
"89,557",1
"142,000",1
"1,324,805",1
"4,330",1
"22,795",1
130,1
"17,081",1
"506,821",1
"12,560,000",1
"2,160,000",1
"1,643,625",1
"244,583",1
288,1
"64,696",1
"25,722",1
"21,496",1
"267,610,000",1
"72,491",1
"78,875",1
"4,116,842",1
"5,425,000",1
"419,366",1
1.46,1
"119,314",1
"4,452,000",1
"1,116,161",1
"12,483",1
"39,571",1
"105,778",1
"141,165",1
"6,692",1
"1,616",1
"2,889,000",1
"409,563",1
"102,551",1
"5,837",1
0.01,1
"56,688",1
"45,030,000",1
"194,000",1
"194,111",1
"27,979",1
"18,144",1
917,1
34.7,1
145,1
"26,636",1
"48,871",1
"1,037,218,000",1
"626,513,000",1
"743,904",1
"475,000",1
"654,500,000",1
"177,542,000",1
"15,475",1
"935,968",1
"14,616,000",1
"2,592",1
"8,680,000",1
41.8,1
347,1
63.6,1
"4,670,000",1
"257,354",1
"4,140,000",1
"5,376,000",1
"154,924,000",1
"8,546",1
"1,960,000",1
387,1
"16,927",1
"163,290,000",1
"1,768,000",1
"26,707",1
"2,038",1
"360,000",1
273,1
"44,287",1
"662,171",1
"5,735",1
"7,080",1
"1,103,457",1
"20,744",1
"25,596",1
"7,999",1
25.9,1
"49,137",1
"2,953",1
"2,754",1
"69,059",1
"30,221",1
"1,260,332",1
567,1
"4,449",1
"5,883,000",1
"2,715,000",1
"4,412,000",1
"1,440,000",1
"5,056,000",1
"1,860,000",1
27.9,1
"148,810",1
"1,826",1
"2,363,135,000",1
"6,889,562",1
"65,065,000",1
"8,918",1
343,1
"2,172",1
"2,387,000",1
"12,356",1
"58,385",1
"15,847",1
"5,030,000",1
571,1
"1,459",1
"57,600,000",1
"1,139,768",1
"55,632,006",1
"460,971,000",1
"779,000",1
"4,220",1
708,1
"13,387,000",1
"5,677,000",1
"3,892,387",1
"49,642,428",1
"12,510",1
"3,705,812",1
"8,659,000",1
17.2,1
"606,406",1
"18,364",1
"221,000",1
"116,041",1
"1,976,000",1
"121,873",1
"211,226",1
"260,842",1
"148,717",1
"5,372,000",1
6.2,1
"28,007",1
"2,423,000",1
"1,321,661",1
"24,500",1
1.56,1
"5,900",1
25.4,1
"3,461,429,000",1
64.8,1
"428,989",1
"5,460",1
"266,751",1
"3,810",1
"45,140,980",1
"285,364",1
"64,125,000",1
"223,543,000",1
"2,714",1
399,1
"12,014,648",1
"331,881",1
"33,005",1
"330,525,000",1
"556,790",1
"4,304,900",1
"8,185",1
"157,469,000",1
"6,140",1
"2,734,000",1
"6,448,000",1
"7,016",1
"27,260",1
"3,038,000",1
"478,665,000",1
"4,187,000",1
"61,200,000",1
"27,725,000",1
"683,640,000",1
"1,470,000",1
"41,618",1
"415,846",1
"60,950",1
"496,126,000",1
"73,522",1
"3,535",1
"168,701",1
"4,386,000",1
"149,025",1
"41,980",1
"93,211",1
"15,058,974",1
"942,797,000",1
"104,498,000",1
"9,545",1
"208,796",1
"6,474,000",1
"1,793,180",1
"1,203",1
"129,377",1
"4,960",1
"13,786,000",1
"110,887,000",1
"457,800,000",1
"75,485,000",1
"21,579",1
"2,808",1
"23,800",1
"83,623",1
"16,170,000",1
518,1
"5,642,000",1
"4,812,352,000",1
"5,020,000",1
"10,999",1
"1,473,725",1
7.1,1
"3,662,497",1
"21,261",1
"11,242",1
"7,998,000",1
"11,839,000",1
"179,000",1
"5,706,000",1
"9,725",1
"1,071,000",1
"127,152",1
"191,882",1
"1,343",1
"5,230,000",1
264,1
"2,257,155",1
"57,789",1
"63,210",1
"2,837,000",1
"203,000",1
"27,344",1
"1,831",1
"37,462,000",1
"5,580,000",1
"1,828",1
"6,127",1
"323,000",1
"80,989,000",1
"5,769",1
"8,575",1
"2,658",1
"312,244",1
"2,729",1
"1,320,000",1
"239,272,000",1
"626,874",1
"12,688,000",1
"142,587",1
"28,967",1
"159,169,000",1
"121,800,000",1
"1,700,000",1
"1,115,000",1
"236,882",1
"866,843",1
"12,228",1
"29,709",1
"1,040",1
"68,118",1
"35,735",1
"34,411",1
"42,520",1
"1,501,614",1
206,1
"416,325,000",1
"2,001,000",1
"4,560,000",1
"5,031,221",1
"4,809",1
"9,861",1
"972,974",1
"621,000",1
"16,184",1
"80,150",1
"62,848",1
"202,964,000",1
"83,509",1
"386,529",1
"1,870",1
"1,568,376,000",1
13.2,1
"3,434,000",1
"156,252,000",1
"1,525",1
"669,230,000",1
"5,104",1
"92,562,000",1
"159,000,000",1
"3,905,000",1
"94,000",1
"5,854,000",1
"668,586",1
"47,700,000",1
"1,689,559",1
"141,115",1
"43,937",1
"4,887",1
"2,050,720",1
"10,484,000",1
"48,131",1
"2,371,069,000",1
"16,510",1
"47,747",1
"149,850,000",1
"243,966",1
"4,115,921",1
"21,659",1
"132,472,000",1
"12,135,000",1
"2,238,482",1
"5,343,582",1
"100,080,000",1
"2,802,003,000",1
"42,275,000",1
0.7,1
"82,806",1
788,1
"808,000",1
"61,491",1
"26,177",1
"21,460",1
"6,764,000",1
"5,444",1
"731,483",1
"155,808",1
"4,260,000",1
"21,658,000",1
"94,859",1
152.9,1
"1,650",1
"10,482",1
"2,281",1
"11,953",1
"2,538,000",1
"4,568,096",1
"2,563,000",1
"15,925,000",1
"2,554,374",1
"3,402",1
"1,415",1
"3,099,000",1
"60,837",1
"9,447,468",1
"10,380",1
"3,695,000",1
"15,545",1
"54,312,000",1
"24,957",1
"19,272",1
"66,137",1
"5,708",1
903,1
"1,261",1
"2,571",1
"26,760",1
"4,865,454",1
"321,000",1
"147,000",1
"3,449,578",1
"52,018,000",1
"43,373,000",1
"30,197",1
"22,523,116",1
"2,377,000",1
"2,354",1
"445,000",1
"201,900",1
"3,078",1
"97,790",1
"254,000",1
"20,285",1
"200,100,000",1
415,1
"837,000",1
"493,097",1
"12,493",1
"49,500,000",1
"4,188,950",1
"48,321",1
"15,291",1
"1,136,653",1
"1,463,000",1
"52,951",1
"5,800,000",1
"32,725,000",1
"15,130",1
197,1
"314,763",1
"3,065",1
"982,438,000",1
"70,944",1
"2,377",1
"132,521,000",1
"1,299",1
"1,030,069,000",1
"22,054",1
"13,616",1
"210,497,000",1
"318,638",1
"7,103",1
"780,000",1
"401,987",1
532,1
"158,998",1
"8,672",1
"4,116,000",1
"651,361",1
"20,699",1
"894,924",1
"75,287",1
"1,602",1
"264,168",1
"375,889",1
"1,134,000",1
60.3,1
"1,410,000",1
"10,295,000",1
"476,346,000",1
"23,596,607",1
"81,623",1
86.7,1
"1,936",1
"43,618",1
"10,996",1
"6,142",1
"189,153",1
"427,104",1
"120,775,000",1
"566,000",1
"12,222",1
"299,000",1
"6,430,926",1
"7,612",1
"77,355",1
"40,020,000",1
"7,872",1
"68,170",1
"1,591",1
"3,068,000",1
"60,014",1
"5,438,000",1
"21,888",1
"86,486,000",1
"529,076",1
"4,180",1
"1,921",1
"2,870,000",1
"155,712",1
"158,111,000",1
"2,471,000",1
"69,583",1
"4,041,000",1
"222,311,000",1
"10,675",1
"291,000",1
"33,640",1
"4,819",1
"4,960,000",1
"18,000,000",1
"6,355",1
"3,315,000",1
"10,817,365",1
"1,440,498",1
"7,250,000",1
"3,350",1
"936,254",1
"12,953",1
"6,335",1
46.5,1
"634,516,000",1
"6,790",1
825,1
420,1
"365,700",1
"47,963",1
"1,172",1
"1,509",1
"13,696,000",1
43.5,1
"1,066,671",1
"105,797",1
"3,827,077",1
"59,524",1
"236,621,000",1
"5,500",1
"14,959",1
"9,010,000",1
"30,974,000",1
379,1
"12,418",1
"105,727",1
"140,765",1
"13,380,000",1
"2,420,000",1
"13,913,000",1
1.54,1
"46,550",1
"31,538",1
"15,151",1
"65,211",1
"2,124",1
"11,548",1
"41,887",1
"142,381,000",1
"1,584",1
"1,127",1
"3,350,000",1
"6,637,000",1
"6,106,000",1
"589,258",1
"272,607",1
"1,819",1
"3,503",1
"6,596,060",1
"7,020,000",1
"90,272,000",1
"1,024",1
"1,925",1
"3,663,000",1
"13,879,000",1
"25,037",1
"47,795",1
"57,251",1
"50,396,000",1
"4,011",1
"2,331,021,000",1
"8,420,333",1
"121,280,000",1
"3,791",1
"2,316,000",1
"534,700",1
"7,766,000",1
13.4,1
"723,901",1
"10,068",1
"4,450,000",1
"133,200,000",1
4.4,1
"1,271",1
"4,940,000",1
934,1
"61,705,000",1
915,1
"112,251",1
"34,745",1
"10,087",1
"168,108",1
893,1
"2,223",1
"42,626,000",1
"101,311",1
"1,218,000",1
"12,738",1
"1,560,000",1
"15,779",1
"2,630,000",1
"3,289",1
"132,621,000",1
"6,265",1
"6,960,000",1
"1,469",1
"187,342",1
68.4,1
"94,817",1
"1,132",1
"88,975",1
"8,976,000",1
"3,419",1
"154,906",1
"11,319",1
"195,715",1
"954,960",1
"1,956,000",1
"245,514,000",1
"25,335",1
"92,693",1
"4,091",1
"102,304,000",1
"466,296",1
"3,284",1
"4,953",1
"2,724,000",1
"490,863",1
"36,612",1
"512,000",1
"38,090",1
"6,669",1
"596,361",1
"205,686",1
"113,223,000",1
"28,794,000",1
"288,000",1
"146,340,000",1
"567,513",1
"1,110,596,000",1
637,1
"152,552",1
"3,726",1
"8,904",1
"1,517",1
262,1
"9,633,000",1
"5,901",1
"563,388",1
"3,591",1
"14,115",1
"3,800,000",1
"3,149,000",1
"227,648",1
"279,903",1
"1,588,399",1
"11,287",1
"12,243",1
"132,357",1
1.78,1
"77,820",1
"1,649,374",1
"2,869,000",1
"9,624",1
"13,251",1
"6,345,000",1
"215,435,000",1
286,1
2.96,1
"9,188",1
"12,848",1
"1,159",1
"16,168",1
"543,500",1
"687,074,000",1
352,1
"4,230,000",1
"41,423",1
"10,356",1
"21,755",1
"1,169",1
"20,000,000",1
896,1
"15,885",1
"2,504",1
"1,772",1
"408,846",1
"1,166",1
"1,368,000",1
"1,130,000",1
"3,530,000",1
"251,518",1
4.5,1
"5,430",1
"466,092,000",1
"302,400,000",1
"17,685,000",1
"254,244",1
"219,840,000",1
"10,024",1
"75,148",1
"15,152",1
"2,373,336",1
"28,150,000",1
391,1
"6,413,684",1
"1,269,000",1
"1,321,493",1
"682,470,000",1
"117,598",1
"4,507",1
"210,577",1
"414,267",1
"5,466,825",1
"1,652",1
"11,117",1
"161,500,000",1
"4,693,300",1
"758,984",1
"87,312",1
"86,317",1
"842,612",1
"31,149",1
"295,021",1
"2,235,000",1
306,1
"3,700,000",1
"359,424,000",1
"113,868",1
"30,440",1
"31,079",1
"3,131",1
"18,357",1
"2,428,884",1
"3,257,000",1
"11,693",1
"3,112,000",1
"11,270,000",1
"7,655,000",1
"170,632,278",1
"614,213",1
"111,340,000",1
443,1
"998,169",1
623,1
"135,485,000",1
"19,717",1
"3,084,836",1
"70,910",1
"1,680,203,000",1
"3,548",1
83.7,1
"67,890,000",1
"17,100,000",1
"7,123,000",1
"81,080",1
"7,304",1
"50,315",1
"625,000",1
"9,087,533",1
"2,746",1
"60,523",1
"8,323,000",1
"5,162,000",1
"2,894",1
"194,321,000",1
"44,361,000",1
"284,000",1
"27,412",1
861,1
"245,452",1
"3,105,000",1
"2,555,175",1
"36,991",1
"40,401",1
"6,366",1
"195,127,000",1
"92,181",1
"2,777",1
"3,560,000",1
"47,067",1
"10,252,000",1
"1,518,076",1
"97,353",1
"22,823,000",1
946,1
1.05,1
"39,146",1
"2,673,000",1
"36,729",1
"2,065",1
"51,432",1
"416,225",1
"3,635",1
"952,245",1
"554,625",1
"3,150,000",1
"11,577,806",1
"15,850,000",1
"12,720",1
"26,880",1
"12,360,000",1
"2,496",1
"2,912,000",1
"34,396,000",1
"2,980",1
"20,088",1
"14,677",1
"3,458",1
"2,018",1
"6,687",1
"10,291",1
"263,000",1
"260,180",1
"651,000",1
"61,882",1
"21,741",1
"3,714",1
"3,493,000",1
"3,303",1
"109,333,000",1
"92,600",1
"12,232,000",1
"1,272,000",1
"13,400",1
"142,795",1
"9,414",1
"370,363",1
"70,987",1
"8,348",1
"23,569",1
"87,654",1
"7,791,000",1
"615,160",1
"15,903",1
266,1
339,1
"1,599,401,000",1
"3,727,749",1
"25,575",1
"4,004",1
"45,301",1
"3,546,000",1
"1,115",1
"66,035",1
"1,505,000",1
"4,952,000",1
30.4,1
"367,200,000",1
"4,046",1
"42,853",1
"1,227,983",1
"296,000",1
"3,639",1
"1,131,803,000",1
"22,771",1
"63,203,000",1
"2,179",1
"5,615",1
"84,962",1
33.7,1
"3,489",1
"57,448",1
"112,095,000",1
2.25,1
"4,615,000",1
"880,175,000",1
"2,796,604",1
"29,751",1
"31,772,000",1
"60,316",1
"2,264,752",1
"1,063,201",1
49.7,1
483,1
"7,380,000",1
"1,151",1
"141,996,000",1
"242,950,000",1
"2,367,000",1
"13,326",1
"52,675",1
1.67,1
"4,573,000",1
"105,804,000",1
"118,287",1
"40,540",1
"3,434,100",1
"1,581,696",1
"37,440,000",1
"2,487",1
"66,220",1
"523,215,000",1
"320,733",1
"54,285",1
"115,434,000",1
848,1
"8,265,000",1
"215,484",1
"13,800,000",1
4.25,1
"3,882,228",1
"677,601",1
"142,987",1
876,1
"52,065",1
"4,982",1
"79,299",1
"52,615",1
"35,231",1
"116,423",1
"2,070,496",1
"3,220",1
"611,029",1
"7,182,875",1
"3,132,895",1
"5,803",1
"3,098,000",1
"21,594",1
"1,503",1
"4,141",1
"242,435",1
"604,660",1
"597,593,000",1
"2,360,000",1
"2,664,997",1
"8,730,000",1
"45,425",1
27.3,1
"707,811",1
460,1
"199,217",1
"62,227,437",1
"166,500,000",1
"841,851",1
"1,910",1
"16,603,961",1
"48,219",1
"7,184,000",1
"8,043,829",1
450,1
"4,080",1
"6,666",1
"2,321,000",1
"409,085",1
453,1
"40,196",1
"3,522",1
"1,502",1
"604,000",1
"71,185",1
2.45,1
"2,415,102,000",1
"990,000",1
"161,501",1
"947,117,000",1
787,1
"2,408",1
"29,398",1
"14,096,000",1
"32,235",1
"2,122",1
"11,530",1
79.2,1
"399,924",1
"4,978",1
"1,437",1
"14,496",1
"212,240",1
"23,072",1
"2,308",1
"6,971,449",1
"8,555",1
"2,571,126",1
"1,254,384,000",1
"173,057,000",1
"81,311",1
"677,768,000",1
"8,541,000",1
"3,370,000",1
"270,915",1
"18,352",1
"29,881",1
"825,000",1
"16,736",1
"3,110,000",1
"17,953,000",1
81.4,1
529,1
"164,714,000",1
444,1
"1,680",1
"16,720",1
"1,421",1
"2,710,000",1
"27,715,000",1
"3,226,539",1
"1,794",1
"54,253",1
"820,209",1
"3,687",1
"35,549",1
"430,897",1
"3,735,000",1
"409,000",1
"1,544,543",1
"176,138",1
"4,800,000",1
"1,041",1
"119,462,912",1
"3,922,882",1
"1,273,000",1
"1,905,900",1
"1,632",1
"90,168",1
"587,428",1
"4,980,000",1
"373,569",1
"781,067",1
263,1
"223,200,000",1
"1,752",1
"1,260",1
"3,228,580",1
"127,230",1
"86,000",1
"13,388,000",1
"322,000",1
"158,140",1
"443,000",1
"3,765,000",1
"195,693",1
"123,000",1
"186,006,000",1
"83,149",1
"452,000",1
"70,208",1
"2,418",1
"63,600,000",1
"155,160",1
"652,854",1
644,1
"61,470,000",1
"13,632,000",1
"319,000",1
"16,638,000",1
301,1
"5,328,000",1
"15,760",1
"4,506,500",1
"810,610,000",1
"23,750,000",1
"1,666,219",1
"7,583",1
"23,583",1
"20,020",1
"37,522",1
"24,300",1
"34,467",1
"34,567",1
"5,173,427",1
"1,862,000",1
"1,909,026,000",1
"13,248",1
"28,028,020",1
"39,778",1
"2,849,207",1
1.16,1
"8,684",1
"736,755",1
"125,488",1
"466,791",1
"71,971",1
"2,227,306",1
"28,583",1
7.4,1
"1,375,000",1
"21,687",1
"1,921,000",1
"1,348",1
987,1
"2,822,000",1
"171,000,000",1
"11,111,000",1
"11,160,000",1
"6,475",1
"126,945,000",1
"6,462",1
"9,420,000",1
"786,581,000",1
"149,330",1
"7,528,000",1
"648,000",1
"4,765,150",1
"1,071",1
"45,197",1
"7,760,000",1
54.7,1
"661,597",1
"56,196,000",1
"151,497,000",1
"4,824",1
"2,821,000",1
"5,982",1
"11,300",1
"10,360",1
32.4,1
"1,591,000",1
"4,458,000",1
"526,000",1
"2,217",1
"36,645,000",1
"2,084",1
"109,710,000",1
"51,901",1
"141,000",1
"326,000",1
"10,440",1
"442,580",1
"251,513",1
"247,350,000",1
"2,360,597",1
"172,154",1
"10,895",1
"13,173,000",1
"36,076",1
"20,395",1
2.35,1
"7,110,000",1
"67,800",1
"7,920,152",1
"9,875",1
"183,645,000",1
"5,110,695",1
"15,048,000",1
"2,252",1
38.7,1
"455,670,000",1
"18,922,000",1
"32,907,994",1
"14,142",1
"51,813",1
"9,562",1
"280,720,000",1
"48,243",1
"118,137,442",1
"282,896,729",1
"5,950,000",1
"4,250",1
868,1
77.3,1
"677,000",1
"32,585",1
"1,248,000",1
"54,740",1
"3,050,000",1
525,1
"5,206",1
"542,000",1
"84,018",1
"701,000",1
"505,195,000",1
"91,894,000",1
"4,382",1
"46,250",1
"249,492",1
"172,614,000",1
"72,977",1
"107,472",1
"144,500",1
"38,537",1
"38,166,000",1
"1,216,000",1
"5,674,545",1
"897,021",1
"1,134",1
362.7,1
"2,069",1
"14,100,000",1
"6,629",1
"174,830",1
"2,359",1
"45,148",1
"3,064,000",1
"7,340,000",1
"176,565,000",1
"1,325,000",1
"3,086,318",1
"32,368",1
274,1
"119,551",1
369,1
"159,831",1
"102,564,000",1
"7,691,000",1
"183,600,000",1
"4,535,000",1
"17,828,110",1
"10,533",1
"412,870,000",1
"1,538",1
"854,573",1
"14,850",1
"106,000",1
"136,873,000",1
"6,801",1
"8,307,942",1
"12,152,000",1
"21,804",1
"228,800,000",1
"8,229",1
"116,090,000",1
"11,750,000",1
"432,975,000",1
"21,373",1
"148,800,000",1
24.5,1
"270,162",1
"37,144",1
"146,000",1
"104,464",1
"384,642,000",1
"281,471",1
"16,475,000",1
"229,965",1
"4,525",1
"5,025,521",1
"3,246",1
"1,704",1
"38,820",1
"366,018",1
"1,491,628",1
224,1
"1,298,000",1
"521,791,000",1
"69,420,000",1
976,1
"1,078,000",1
"69,353",1
"23,110",1
"7,228",1
"274,732",1
"66,507",1
"19,564",1
"109,779",1
979,1
"299,000,000",1
"13,951,000",1
"293,250,000",1
"5,213,689",1
"94,863",1
"38,380",1
"1,283",1
"8,179,000",1
"51,153,430",1
"265,316",1
372,1
"31,402",1
"398,406",1
"6,799",1
"1,142",1
"8,820,000",1
"13,450",1
"153,725",1
"62,720",1
"155,453",1
"57,936",1
"8,319,000",1
"16,462",1
"4,778",1
"738,000",1
"64,693",1
"817,526",1
"1,009,635",1
"431,404",1
"1,723,000",1
"12,250,000",1
"1,315,712",1
"72,778",1
"547,200,000",1
"133,000",1
"4,040",1
"3,255,000",1
"15,455,000",1
1.96,1
"1,015,662",1
"2,181,915",1
"61,000",1
"249,269",1
"144,930",1
521,1
"36,191",1
"2,626",1
386,1
"7,832,000",1
"19,185",1
"1,396,000",1
"369,360,000",1
"3,555",1
"47,843,000",1
"7,367",1
"2,534,000",1
"143,285",1
"12,420,000",1
"158,574",1
"484,327",1
"30,618",1
"343,491",1
"242,224",1
7.2,1
"33,584",1
"1,073,000",1
"396,110,000",1
"611,000",1
"1,184,886",1
"289,064",1
319,1
"4,836,000",1
"339,000",1
"1,767",1
"46,635",1
578,1
"111,208",1
"2,711",1
"101,459",1
"387,854",1
"1,152,000",1
"96,015,000",1
"193,141",1
207,1
"139,640",1
"33,944",1
"4,413",1
"6,057",1
"20,225",1
"2,428",1
"2,814",1
"154,605",1
"2,902",1
"45,272,383",1
"268,224,535",1
"14,713,000",1
"1,034,493",1
"2,006",1
236,1
104,1
"1,551",1
"119,826,000",1
"319,954",1
"30,337",1
"35,260",1
"4,625",1
"23,522",1
"1,116,516",1
34.8,1
"88,358,000",1
"3,906,000",1
"1,182",1
"1,930,000",1
"81,814",1
"12,048",1
1.88,1
"1,686",1
"4,150",1
"3,460,190",1
759,1
"2,226,000",1
"4,698,000",1
"433,529",1
"20,843",1
"3,408",1
"3,060,000",1
"2,928,636,000",1
"326,631",1
"203,924",1
"4,128",1
"2,389,939,000",1
"5,833",1
"228,747",1
"1,649,000",1
13.8,1
"13,444,000",1
267,1
"5,969",1
"1,655",1
"82,683,191",1
"5,103,000",1
"86,068",1
59.5,1
"2,753",1
"23,696",1
"48,645,332",1
"1,365,543,000",1
"15,365,000",1
223,1
"27,177",1
"3,157",1
20.2,1
"972,353",1
"1,117",1
"518,040",1
"3,123",1
"426,240,000",1
"1,561",1
74.2,1
"336,552",1
"14,926,866",1
"2,396,369",1
"29,885",1
"6,912,000",1
"1,596",1
"5,114,000",1
"253,806",1
34.1,1
"96,526",1
"9,625",1
"84,119",1
"6,094",1
"7,884",1
"357,217",1
"2,076",1
"36,723,000",1
"135,720,000",1
"1,290,427",1
"17,359",1
"531,465",1
"346,202",1
"39,420,000",1
"6,466,000",1
"1,299,000",1
"1,159,000",1
"20,189",1
"130,571,000",1
"3,968,000",1
"484,806,000",1
99.4,1
"1,222,014",1
"1,183,031",1
"2,130,000",1
"76,227",1
"126,349",1
"1,423,553",1
"79,683",1
"4,114",1
"38,541",1
"10,200",1
15.9,1
302,1
"743,017",1
"3,795",1
"272,461",1
"549,921,000",1
5.29,1
"32,583",1
"6,499,286",1
"1,426",1
"66,135",1
"244,570",1
"2,676,000",1
"15,070",1
"382,149",1
"10,300",1
"4,470,000",1
"10,997",1
94.7,1
"124,740,000",1
"43,665",1
"758,000",1
"8,166",1
"43,788",1
"180,320,000",1
"982,245",1
"10,555",1
"4,849",1
"39,383",1
"63,640",1
356,1
"57,457",1
1.64,1
"999,611",1
"34,468",1
"466,560,000",1
"3,970,000",1
358,1
3.64,1
"59,964",1
"156,444",1
"1,349,829",1
"8,291",1
"16,250",1
"13,470,000",1
"94,287",1
"14,037",1
587,1
"26,590",1
"776,395",1
"125,400,000",1
"32,237",1
"122,177",1
57.1,1
"1,621",1
"96,265",1
"4,641,000",1
3.2,1
"44,867",1
"10,703",1
"517,842,000",1
"142,696",1
"493,621",1
"1,958",1
"17,465,000",1
"1,258",1
"948,623",1
105.1,1
"115,661,000",1
"3,356,000",1
"6,880,000",1
"26,088",1
"103,000",1
"5,231,821",1
"57,798",1
"315,118",1
"991,262",1
